elapsed_ms,pid,phase,blocks_total,blocks_done,tuples_total,tuples_done,relid,index_relid
4,115062,building index: loading tuples,7168,2,0,34,117537,0
98,115062,building index: loading tuples,7168,24,0,342,117537,0
195,115062,building index: loading tuples,7168,39,0,550,117537,0
302,115062,building index: loading tuples,7168,53,0,755,117537,0
403,115062,building index: loading tuples,7168,68,0,954,117537,0
505,115062,building index: loading tuples,7168,82,0,1150,117537,0
601,115062,building index: loading tuples,7168,94,0,1327,117537,0
707,115062,building index: loading tuples,7168,108,0,1521,117537,0
806,115062,building index: loading tuples,7168,121,0,1699,117537,0
904,115062,building index: loading tuples,7168,133,0,1876,117537,0
1001,115062,building index: loading tuples,7168,146,0,2050,117537,0
1101,115062,building index: loading tuples,7168,158,0,2215,117537,0
1200,115062,building index: loading tuples,7168,171,0,2405,117537,0
1288,115062,building index: loading tuples,7168,185,0,2593,117537,0
1371,115062,building index: loading tuples,7168,197,0,2759,117537,0
1481,115062,building index: loading tuples,7168,208,0,2919,117537,0
1579,115062,building index: loading tuples,7168,219,0,3077,117537,0
1679,115062,building index: loading tuples,7168,231,0,3236,117537,0
1782,115062,building index: loading tuples,7168,241,0,3385,117537,0
1877,115062,building index: loading tuples,7168,254,0,3565,117537,0
1971,115062,building index: loading tuples,7168,266,0,3727,117537,0
2054,115062,building index: loading tuples,7168,276,0,3875,117537,0
2156,115062,building index: loading tuples,7168,286,0,4009,117537,0
2249,115062,building index: loading tuples,7168,297,0,4169,117537,0
2337,115062,building index: loading tuples,7168,309,0,4326,117537,0
2439,115062,building index: loading tuples,7168,318,0,4464,117537,0
2530,115062,building index: loading tuples,7168,333,0,4670,117537,0
2627,115062,building index: loading tuples,7168,345,0,4839,117537,0
2730,115062,building index: loading tuples,7168,354,0,4962,117537,0
2824,115062,building index: loading tuples,7168,369,0,5174,117537,0
2920,115062,building index: loading tuples,7168,381,0,5336,117537,0
3017,115062,building index: loading tuples,7168,392,0,5501,117537,0
3112,115062,building index: loading tuples,7168,404,0,5656,117537,0
3211,115062,building index: loading tuples,7168,415,0,5820,117537,0
3311,115062,building index: loading tuples,7168,427,0,5987,117537,0
3412,115062,building index: loading tuples,7168,439,0,6150,117537,0
3513,115062,building index: loading tuples,7168,450,0,6300,117537,0
3611,115062,building index: loading tuples,7168,459,0,6431,117537,0
3704,115062,building index: loading tuples,7168,471,0,6597,117537,0
3794,115062,building index: loading tuples,7168,483,0,6768,117537,0
3886,115062,building index: loading tuples,7168,497,0,6965,117537,0
3980,115062,building index: loading tuples,7168,508,0,7124,117537,0
4081,115062,building index: loading tuples,7168,520,0,7281,117537,0
4178,115062,building index: loading tuples,7168,531,0,7437,117537,0
4278,115062,building index: loading tuples,7168,541,0,7576,117537,0
4377,115062,building index: loading tuples,7168,552,0,7738,117537,0
4474,115062,building index: loading tuples,7168,564,0,7900,117537,0
4577,115062,building index: loading tuples,7168,575,0,8062,117537,0
4677,115062,building index: loading tuples,7168,586,0,8210,117537,0
4776,115062,building index: loading tuples,7168,597,0,8359,117537,0
4872,115062,building index: loading tuples,7168,611,0,8556,117537,0
4965,115062,building index: loading tuples,7168,621,0,8697,117537,0
5057,115062,building index: loading tuples,7168,631,0,8843,117537,0
5155,115062,building index: loading tuples,7168,641,0,8986,117537,0
5254,115062,building index: loading tuples,7168,652,0,9133,117537,0
5351,115062,building index: loading tuples,7168,662,0,9274,117537,0
5454,115062,building index: loading tuples,7168,673,0,9422,117537,0
5565,115062,building index: loading tuples,7168,683,0,9568,117537,0
5659,115062,building index: loading tuples,7168,696,0,9747,117537,0
5747,115062,building index: loading tuples,7168,706,0,9895,117537,0
5836,115062,building index: loading tuples,7168,719,0,10079,117537,0
5945,115062,building index: loading tuples,7168,730,0,10223,117537,0
6057,115062,building index: loading tuples,7168,740,0,10362,117537,0
6154,115062,building index: loading tuples,7168,751,0,10521,117537,0
6234,115062,building index: loading tuples,7168,760,0,10647,117537,0
6330,115062,building index: loading tuples,7168,770,0,10783,117537,0
6426,115062,building index: loading tuples,7168,780,0,10924,117537,0
6528,115062,building index: loading tuples,7168,789,0,11053,117537,0
6629,115062,building index: loading tuples,7168,799,0,11191,117537,0
6738,115062,building index: loading tuples,7168,809,0,11328,117537,0
6835,115062,building index: loading tuples,7168,818,0,11465,117537,0
6936,115062,building index: loading tuples,7168,828,0,11602,117537,0
7036,115062,building index: loading tuples,7168,839,0,11753,117537,0
7134,115062,building index: loading tuples,7168,850,0,11908,117537,0
7280,115062,building index: loading tuples,7168,864,0,12108,117537,0
7376,115062,building index: loading tuples,7168,875,0,12254,117537,0
7462,115062,building index: loading tuples,7168,884,0,12386,117537,0
7557,115062,building index: loading tuples,7168,895,0,12537,117537,0
7664,115062,building index: loading tuples,7168,904,0,12668,117537,0
7757,115062,building index: loading tuples,7168,915,0,12816,117537,0
7844,115062,building index: loading tuples,7168,925,0,12954,117537,0
7952,115062,building index: loading tuples,7168,935,0,13101,117537,0
8055,115062,building index: loading tuples,7168,944,0,13223,117537,0
8157,115062,building index: loading tuples,7168,953,0,13347,117537,0
8255,115062,building index: loading tuples,7168,965,0,13516,117537,0
8350,115062,building index: loading tuples,7168,974,0,13647,117537,0
8442,115062,building index: loading tuples,7168,986,0,13817,117537,0
8534,115062,building index: loading tuples,7168,996,0,13953,117537,0
8627,115062,building index: loading tuples,7168,1006,0,14087,117537,0
8707,115062,building index: loading tuples,7168,1014,0,14202,117537,0
8800,115062,building index: loading tuples,7168,1023,0,14328,117537,0
8897,115062,building index: loading tuples,7168,1032,0,14458,117537,0
8992,115062,building index: loading tuples,7168,1041,0,14579,117537,0
9090,115062,building index: loading tuples,7168,1050,0,14710,117537,0
9265,115062,building index: loading tuples,7168,1065,0,14917,117537,0
9368,115062,building index: loading tuples,7168,1074,0,15036,117537,0
9468,115062,building index: loading tuples,7168,1083,0,15163,117537,0
9567,115062,building index: loading tuples,7168,1091,0,15285,117537,0
9663,115062,building index: loading tuples,7168,1102,0,15438,117537,0
9759,115062,building index: loading tuples,7168,1110,0,15547,117537,0
9860,115062,building index: loading tuples,7168,1119,0,15677,117537,0
9960,115062,building index: loading tuples,7168,1129,0,15815,117537,0
10061,115062,building index: loading tuples,7168,1137,0,15928,117537,0
10154,115062,building index: loading tuples,7168,1147,0,16063,117537,0
10237,115062,building index: loading tuples,7168,1156,0,16190,117537,0
10326,115062,building index: loading tuples,7168,1165,0,16316,117537,0
10422,115062,building index: loading tuples,7168,1173,0,16426,117537,0
10515,115062,building index: loading tuples,7168,1184,0,16586,117537,0
10616,115062,building index: loading tuples,7168,1193,0,16714,117537,0
10718,115062,building index: loading tuples,7168,1202,0,16841,117537,0
10828,115062,building index: loading tuples,7168,1210,0,16948,117537,0
10925,115062,building index: loading tuples,7168,1219,0,17079,117537,0
11019,115062,building index: loading tuples,7168,1229,0,17216,117537,0
11107,115062,building index: loading tuples,7168,1237,0,17330,117537,0
11208,115062,building index: loading tuples,7168,1246,0,17458,117537,0
11299,115062,building index: loading tuples,7168,1257,0,17605,117537,0
11394,115062,building index: loading tuples,7168,1266,0,17731,117537,0
11489,115062,building index: loading tuples,7168,1274,0,17843,117537,0
11582,115062,building index: loading tuples,7168,1283,0,17968,117537,0
11675,115062,building index: loading tuples,7168,1292,0,18091,117537,0
11773,115062,building index: loading tuples,7168,1300,0,18213,117537,0
11872,115062,building index: loading tuples,7168,1310,0,18340,117537,0
11966,115062,building index: loading tuples,7168,1319,0,18471,117537,0
12063,115062,building index: loading tuples,7168,1329,0,18610,117537,0
12158,115062,building index: loading tuples,7168,1338,0,18736,117537,0
12250,115062,building index: loading tuples,7168,1347,0,18868,117537,0
12350,115062,building index: loading tuples,7168,1356,0,18993,117537,0
12446,115062,building index: loading tuples,7168,1365,0,19112,117537,0
12539,115062,building index: loading tuples,7168,1374,0,19237,117537,0
12637,115062,building index: loading tuples,7168,1383,0,19364,117537,0
12731,115062,building index: loading tuples,7168,1392,0,19493,117537,0
12827,115062,building index: loading tuples,7168,1401,0,19627,117537,0
12921,115062,building index: loading tuples,7168,1410,0,19752,117537,0
13013,115062,building index: loading tuples,7168,1419,0,19873,117537,0
13110,115062,building index: loading tuples,7168,1428,0,19995,117537,0
13207,115062,building index: loading tuples,7168,1436,0,20109,117537,0
13307,115062,building index: loading tuples,7168,1444,0,20223,117537,0
13406,115062,building index: loading tuples,7168,1452,0,20339,117537,0
13504,115062,building index: loading tuples,7168,1462,0,20468,117537,0
13601,115062,building index: loading tuples,7168,1470,0,20585,117537,0
13698,115062,building index: loading tuples,7168,1478,0,20704,117537,0
13797,115062,building index: loading tuples,7168,1488,0,20840,117537,0
13895,115062,building index: loading tuples,7168,1497,0,20967,117537,0
13990,115062,building index: loading tuples,7168,1506,0,21092,117537,0
14087,115062,building index: loading tuples,7168,1515,0,21215,117537,0
14196,115062,building index: loading tuples,7168,1523,0,21334,117537,0
14297,115062,building index: loading tuples,7168,1533,0,21463,117537,0
14417,115062,building index: loading tuples,7168,1542,0,21596,117537,0
14519,115062,building index: loading tuples,7168,1550,0,21713,117537,0
14622,115062,building index: loading tuples,7168,1559,0,21836,117537,0
14718,115062,building index: loading tuples,7168,1572,0,22018,117537,0
14819,115062,building index: loading tuples,7168,1581,0,22146,117537,0
14917,115062,building index: loading tuples,7168,1590,0,22271,117537,0
15013,115062,building index: loading tuples,7168,1600,0,22402,117537,0
15111,115062,building index: loading tuples,7168,1608,0,22521,117537,0
15206,115062,building index: loading tuples,7168,1616,0,22637,117537,0
15307,115062,building index: loading tuples,7168,1625,0,22751,117537,0
15404,115062,building index: loading tuples,7168,1633,0,22869,117537,0
15488,115062,building index: loading tuples,7168,1642,0,22997,117537,0
15581,115062,building index: loading tuples,7168,1651,0,23114,117537,0
15678,115062,building index: loading tuples,7168,1659,0,23231,117537,0
15772,115062,building index: loading tuples,7168,1667,0,23338,117537,0
15872,115062,building index: loading tuples,7168,1676,0,23474,117537,0
15979,115062,building index: loading tuples,7168,1686,0,23616,117537,0
16079,115062,building index: loading tuples,7168,1696,0,23752,117537,0
16175,115062,building index: loading tuples,7168,1706,0,23893,117537,0
16279,115062,building index: loading tuples,7168,1716,0,24024,117537,0
16384,115062,building index: loading tuples,7168,1725,0,24156,117537,0
16495,115062,building index: loading tuples,7168,1735,0,24301,117537,0
16606,115062,building index: loading tuples,7168,1742,0,24399,117537,0
16706,115062,building index: loading tuples,7168,1752,0,24529,117537,0
16797,115062,building index: loading tuples,7168,1762,0,24672,117537,0
16895,115062,building index: loading tuples,7168,1771,0,24807,117537,0
16997,115062,building index: loading tuples,7168,1781,0,24935,117537,0
17098,115062,building index: loading tuples,7168,1789,0,25053,117537,0
17196,115062,building index: loading tuples,7168,1798,0,25182,117537,0
17299,115062,building index: loading tuples,7168,1807,0,25310,117537,0
17399,115062,building index: loading tuples,7168,1818,0,25452,117537,0
17501,115062,building index: loading tuples,7168,1826,0,25571,117537,0
17601,115062,building index: loading tuples,7168,1835,0,25703,117537,0
17705,115062,building index: loading tuples,7168,1845,0,25838,117537,0
17804,115062,building index: loading tuples,7168,1854,0,25961,117537,0
17906,115062,building index: loading tuples,7168,1863,0,26083,117537,0
18005,115062,building index: loading tuples,7168,1872,0,26215,117537,0
18109,115062,building index: loading tuples,7168,1881,0,26335,117537,0
18209,115062,building index: loading tuples,7168,1889,0,26458,117537,0
18318,115062,building index: loading tuples,7168,1900,0,26602,117537,0
18416,115062,building index: loading tuples,7168,1909,0,26730,117537,0
18515,115062,building index: loading tuples,7168,1918,0,26853,117537,0
18618,115062,building index: loading tuples,7168,1927,0,26979,117537,0
18723,115062,building index: loading tuples,7168,1937,0,27129,117537,0
18817,115062,building index: loading tuples,7168,1948,0,27272,117537,0
18920,115062,building index: loading tuples,7168,1956,0,27394,117537,0
19022,115062,building index: loading tuples,7168,1965,0,27523,117537,0
19123,115062,building index: loading tuples,7168,1975,0,27651,117537,0
19228,115062,building index: loading tuples,7168,1983,0,27773,117537,0
19328,115062,building index: loading tuples,7168,1993,0,27905,117537,0
19422,115062,building index: loading tuples,7168,2003,0,28047,117537,0
19518,115062,building index: loading tuples,7168,2012,0,28171,117537,0
19616,115062,building index: loading tuples,7168,2019,0,28277,117537,0
19709,115062,building index: loading tuples,7168,2032,0,28456,117537,0
19800,115062,building index: loading tuples,7168,2041,0,28581,117537,0
19898,115062,building index: loading tuples,7168,2050,0,28708,117537,0
20004,115062,building index: loading tuples,7168,2059,0,28830,117537,0
20100,115062,building index: loading tuples,7168,2068,0,28955,117537,0
20231,115062,building index: loading tuples,7168,2078,0,29100,117537,0
20329,115062,building index: loading tuples,7168,2087,0,29225,117537,0
20426,115062,building index: loading tuples,7168,2095,0,29343,117537,0
20529,115062,building index: loading tuples,7168,2104,0,29457,117537,0
20638,115062,building index: loading tuples,7168,2113,0,29589,117537,0
20747,115062,building index: loading tuples,7168,2122,0,29715,117537,0
20848,115062,building index: loading tuples,7168,2131,0,29834,117537,0
20951,115062,building index: loading tuples,7168,2140,0,29963,117537,0
21047,115062,building index: loading tuples,7168,2151,0,30115,117537,0
21145,115062,building index: loading tuples,7168,2160,0,30249,117537,0
21249,115062,building index: loading tuples,7168,2170,0,30390,117537,0
21348,115062,building index: loading tuples,7168,2179,0,30517,117537,0
21448,115062,building index: loading tuples,7168,2188,0,30637,117537,0
21554,115062,building index: loading tuples,7168,2195,0,30742,117537,0
21656,115062,building index: loading tuples,7168,2204,0,30868,117537,0
21759,115062,building index: loading tuples,7168,2213,0,30984,117537,0
21866,115062,building index: loading tuples,7168,2222,0,31108,117537,0
21959,115062,building index: loading tuples,7168,2233,0,31273,117537,0
22065,115062,building index: loading tuples,7168,2241,0,31375,117537,0
22165,115062,building index: loading tuples,7168,2248,0,31481,117537,0
22262,115062,building index: loading tuples,7168,2258,0,31623,117537,0
22367,115062,building index: loading tuples,7168,2265,0,31718,117537,0
22470,115062,building index: loading tuples,7168,2273,0,31825,117537,0
22573,115062,building index: loading tuples,7168,2281,0,31944,117537,0
22672,115062,building index: loading tuples,7168,2289,0,32059,117537,0
22771,115062,building index: loading tuples,7168,2297,0,32164,117537,0
22871,115062,building index: loading tuples,7168,2305,0,32273,117537,0
22972,115062,building index: loading tuples,7168,2313,0,32386,117537,0
23073,115062,building index: loading tuples,7168,2320,0,32490,117537,0
23171,115062,building index: loading tuples,7168,2328,0,32595,117537,0
23262,115062,building index: loading tuples,7168,2337,0,32728,117537,0
23347,115062,building index: loading tuples,7168,2346,0,32850,117537,0
23418,115062,building index: loading tuples,7168,2357,0,33006,117537,0
23510,115062,building index: loading tuples,7168,2365,0,33123,117537,0
23612,115062,building index: loading tuples,7168,2373,0,33228,117537,0
23717,115062,building index: loading tuples,7168,2381,0,33343,117537,0
23818,115062,building index: loading tuples,7168,2389,0,33455,117537,0
23914,115062,building index: loading tuples,7168,2398,0,33574,117537,0
24005,115062,building index: loading tuples,7168,2406,0,33688,117537,0
24110,115062,building index: loading tuples,7168,2414,0,33800,117537,0
24213,115062,building index: loading tuples,7168,2422,0,33912,117537,0
24321,115062,building index: loading tuples,7168,2430,0,34020,117537,0
24430,115062,building index: loading tuples,7168,2438,0,34137,117537,0
24529,115062,building index: loading tuples,7168,2447,0,34261,117537,0
24626,115062,building index: loading tuples,7168,2457,0,34406,117537,0
24733,115062,building index: loading tuples,7168,2465,0,34516,117537,0
24842,115062,building index: loading tuples,7168,2473,0,34625,117537,0
24935,115062,building index: loading tuples,7168,2482,0,34748,117537,0
25035,115062,building index: loading tuples,7168,2489,0,34852,117537,0
25131,115062,building index: loading tuples,7168,2497,0,34963,117537,0
25223,115062,building index: loading tuples,7168,2506,0,35096,117537,0
25312,115062,building index: loading tuples,7168,2516,0,35229,117537,0
25411,115062,building index: loading tuples,7168,2524,0,35344,117537,0
25514,115062,building index: loading tuples,7168,2531,0,35447,117537,0
25607,115062,building index: loading tuples,7168,2542,0,35588,117537,0
25712,115062,building index: loading tuples,7168,2550,0,35708,117537,0
25814,115062,building index: loading tuples,7168,2559,0,35830,117537,0
25916,115062,building index: loading tuples,7168,2567,0,35949,117537,0
26035,115062,building index: loading tuples,7168,2575,0,36061,117537,0
26135,115062,building index: loading tuples,7168,2584,0,36178,117537,0
26238,115062,building index: loading tuples,7168,2592,0,36297,117537,0
26332,115062,building index: loading tuples,7168,2601,0,36421,117537,0
26435,115062,building index: loading tuples,7168,2610,0,36541,117537,0
26531,115062,building index: loading tuples,7168,2619,0,36668,117537,0
26626,115062,building index: loading tuples,7168,2627,0,36781,117537,0
26716,115062,building index: loading tuples,7168,2639,0,36947,117537,0
26813,115062,building index: loading tuples,7168,2646,0,37046,117537,0
26912,115062,building index: loading tuples,7168,2653,0,37155,117537,0
27013,115062,building index: loading tuples,7168,2661,0,37264,117537,0
27108,115062,building index: loading tuples,7168,2669,0,37370,117537,0
27210,115062,building index: loading tuples,7168,2677,0,37480,117537,0
27307,115062,building index: loading tuples,7168,2685,0,37592,117537,0
27402,115062,building index: loading tuples,7168,2696,0,37747,117537,0
27473,115062,building index: loading tuples,7168,2712,0,37972,117537,0
27564,115062,building index: loading tuples,7168,2722,0,38119,117537,0
27663,115062,building index: loading tuples,7168,2733,0,38267,117537,0
27757,115062,building index: loading tuples,7168,2744,0,38418,117537,0
27852,115062,building index: loading tuples,7168,2757,0,38605,117537,0
27943,115062,building index: loading tuples,7168,2768,0,38765,117537,0
28050,115062,building index: loading tuples,7168,2781,0,38935,117537,0
28159,115062,building index: loading tuples,7168,2790,0,39070,117537,0
28257,115062,building index: loading tuples,7168,2804,0,39257,117537,0
28358,115062,building index: loading tuples,7168,2814,0,39409,117537,0
28460,115062,building index: loading tuples,7168,2827,0,39583,117537,0
28571,115062,building index: loading tuples,7168,2838,0,39734,117537,0
28684,115062,building index: loading tuples,7168,2847,0,39863,117537,0
28781,115062,building index: loading tuples,7168,2856,0,39991,117537,0
28873,115062,building index: loading tuples,7168,2865,0,40116,117537,0
28977,115062,building index: loading tuples,7168,2874,0,40246,117537,0
29072,115062,building index: loading tuples,7168,2885,0,40394,117537,0
29163,115062,building index: loading tuples,7168,2895,0,40532,117537,0
29257,115062,building index: loading tuples,7168,2903,0,40655,117537,0
29356,115062,building index: loading tuples,7168,2912,0,40774,117537,0
29464,115062,building index: loading tuples,7168,2921,0,40896,117537,0
29562,115062,building index: loading tuples,7168,2930,0,41023,117537,0
29666,115062,building index: loading tuples,7168,2939,0,41146,117537,0
29766,115062,building index: loading tuples,7168,2948,0,41272,117537,0
29858,115062,building index: loading tuples,7168,2957,0,41401,117537,0
29955,115062,building index: loading tuples,7168,2964,0,41505,117537,0
30053,115062,building index: loading tuples,7168,2973,0,41622,117537,0
30151,115062,building index: loading tuples,7168,2981,0,41743,117537,0
30250,115062,building index: loading tuples,7168,2990,0,41867,117537,0
30344,115062,building index: loading tuples,7168,2999,0,41988,117537,0
30441,115062,building index: loading tuples,7168,3008,0,42120,117537,0
30539,115062,building index: loading tuples,7168,3017,0,42240,117537,0
30636,115062,building index: loading tuples,7168,3025,0,42360,117537,0
30735,115062,building index: loading tuples,7168,3034,0,42489,117537,0
30831,115062,building index: loading tuples,7168,3044,0,42621,117537,0
30930,115062,building index: loading tuples,7168,3053,0,42744,117537,0
31023,115062,building index: loading tuples,7168,3062,0,42868,117537,0
31115,115062,building index: loading tuples,7168,3070,0,42989,117537,0
31210,115062,building index: loading tuples,7168,3080,0,43122,117537,0
31309,115062,building index: loading tuples,7168,3088,0,43243,117537,0
31402,115062,building index: loading tuples,7168,3098,0,43377,117537,0
31498,115062,building index: loading tuples,7168,3107,0,43500,117537,0
31598,115062,building index: loading tuples,7168,3116,0,43634,117537,0
31696,115062,building index: loading tuples,7168,3125,0,43763,117537,0
31799,115062,building index: loading tuples,7168,3135,0,43891,117537,0
31897,115062,building index: loading tuples,7168,3144,0,44023,117537,0
31989,115062,building index: loading tuples,7168,3153,0,44143,117537,0
32085,115062,building index: loading tuples,7168,3162,0,44277,117537,0
32192,115062,building index: loading tuples,7168,3171,0,44399,117537,0
32287,115062,building index: loading tuples,7168,3179,0,44519,117537,0
32386,115062,building index: loading tuples,7168,3187,0,44630,117537,0
32482,115062,building index: loading tuples,7168,3196,0,44749,117537,0
32580,115062,building index: loading tuples,7168,3204,0,44867,117537,0
32675,115062,building index: loading tuples,7168,3213,0,44987,117537,0
32774,115062,building index: loading tuples,7168,3221,0,45106,117537,0
32869,115062,building index: loading tuples,7168,3230,0,45222,117537,0
32967,115062,building index: loading tuples,7168,3239,0,45346,117537,0
33063,115062,building index: loading tuples,7168,3247,0,45471,117537,0
33183,115062,building index: loading tuples,7168,3258,0,45625,117537,0
33279,115062,building index: loading tuples,7168,3268,0,45752,117537,0
33381,115062,building index: loading tuples,7168,3276,0,45872,117537,0
33477,115062,building index: loading tuples,7168,3285,0,45990,117537,0
33572,115062,building index: loading tuples,7168,3293,0,46112,117537,0
33668,115062,building index: loading tuples,7168,3302,0,46239,117537,0
33767,115062,building index: loading tuples,7168,3311,0,46361,117537,0
33865,115062,building index: loading tuples,7168,3320,0,46490,117537,0
33967,115062,building index: loading tuples,7168,3329,0,46617,117537,0
34065,115062,building index: loading tuples,7168,3338,0,46744,117537,0
34163,115062,building index: loading tuples,7168,3347,0,46871,117537,0
34262,115062,building index: loading tuples,7168,3357,0,47004,117537,0
34359,115062,building index: loading tuples,7168,3366,0,47131,117537,0
34459,115062,building index: loading tuples,7168,3376,0,47264,117537,0
34555,115062,building index: loading tuples,7168,3385,0,47402,117537,0
34654,115062,building index: loading tuples,7168,3393,0,47514,117537,0
34749,115062,building index: loading tuples,7168,3401,0,47626,117537,0
34844,115062,building index: loading tuples,7168,3409,0,47737,117537,0
34940,115062,building index: loading tuples,7168,3418,0,47853,117537,0
35038,115062,building index: loading tuples,7168,3426,0,47974,117537,0
35137,115062,building index: loading tuples,7168,3435,0,48102,117537,0
35239,115062,building index: loading tuples,7168,3444,0,48219,117537,0
35333,115062,building index: loading tuples,7168,3452,0,48340,117537,0
35434,115062,building index: loading tuples,7168,3461,0,48466,117537,0
35532,115062,building index: loading tuples,7168,3470,0,48586,117537,0
35625,115062,building index: loading tuples,7168,3479,0,48715,117537,0
35723,115062,building index: loading tuples,7168,3487,0,48831,117537,0
35822,115062,building index: loading tuples,7168,3496,0,48954,117537,0
35919,115062,building index: loading tuples,7168,3505,0,49072,117537,0
36016,115062,building index: loading tuples,7168,3513,0,49187,117537,0
36112,115062,building index: loading tuples,7168,3521,0,49305,117537,0
36210,115062,building index: loading tuples,7168,3530,0,49427,117537,0
36308,115062,building index: loading tuples,7168,3539,0,49552,117537,0
36407,115062,building index: loading tuples,7168,3548,0,49677,117537,0
36505,115062,building index: loading tuples,7168,3556,0,49797,117537,0
36601,115062,building index: loading tuples,7168,3567,0,49950,117537,0
36700,115062,building index: loading tuples,7168,3576,0,50076,117537,0
36799,115062,building index: loading tuples,7168,3586,0,50205,117537,0
36895,115062,building index: loading tuples,7168,3595,0,50336,117537,0
36989,115062,building index: loading tuples,7168,3603,0,50454,117537,0
37086,115062,building index: loading tuples,7168,3620,0,50680,117537,0
37260,115062,building index: loading tuples,7168,3629,0,50816,117537,0
37356,115062,building index: loading tuples,7168,3638,0,50941,117537,0
37456,115062,building index: loading tuples,7168,3648,0,51079,117537,0
37552,115062,building index: loading tuples,7168,3657,0,51206,117537,0
37651,115062,building index: loading tuples,7168,3663,0,51290,117537,0
37755,115062,building index: loading tuples,7168,3663,0,51290,117537,0
37851,115062,building index: loading tuples,7168,3663,0,51290,117537,0
37951,115062,building index: loading tuples,7168,3663,0,51290,117537,0
38048,115062,building index: loading tuples,7168,3664,0,51303,117537,0
38142,115062,building index: loading tuples,7168,3667,0,51342,117537,0
38242,115062,building index: loading tuples,7168,3670,0,51382,117537,0
38340,115062,building index: loading tuples,7168,3672,0,51421,117537,0
38438,115062,building index: loading tuples,7168,3675,0,51461,117537,0
38535,115062,building index: loading tuples,7168,3678,0,51501,117537,0
38631,115062,building index: loading tuples,7168,3681,0,51542,117537,0
38729,115062,building index: loading tuples,7168,3684,0,51585,117537,0
38825,115062,building index: loading tuples,7168,3687,0,51626,117537,0
38921,115062,building index: loading tuples,7168,3690,0,51665,117537,0
39016,115062,building index: loading tuples,7168,3693,0,51706,117537,0
39110,115062,building index: loading tuples,7168,3696,0,51745,117537,0
39204,115062,building index: loading tuples,7168,3698,0,51784,117537,0
39299,115062,building index: loading tuples,7168,3701,0,51820,117537,0
39394,115062,building index: loading tuples,7168,3704,0,51858,117537,0
39488,115062,building index: loading tuples,7168,3706,0,51896,117537,0
39583,115062,building index: loading tuples,7168,3710,0,51940,117537,0
39677,115062,building index: loading tuples,7168,3712,0,51973,117537,0
39772,115062,building index: loading tuples,7168,3715,0,52011,117537,0
39868,115062,building index: loading tuples,7168,3717,0,52048,117537,0
39969,115062,building index: loading tuples,7168,3720,0,52087,117537,0
40068,115062,building index: loading tuples,7168,3723,0,52133,117537,0
40179,115062,building index: loading tuples,7168,3726,0,52173,117537,0
40277,115062,building index: loading tuples,7168,3729,0,52210,117537,0
40371,115062,building index: loading tuples,7168,3731,0,52247,117537,0
40469,115062,building index: loading tuples,7168,3735,0,52290,117537,0
40566,115062,building index: loading tuples,7168,3738,0,52334,117537,0
40668,115062,building index: loading tuples,7168,3741,0,52377,117537,0
40765,115062,building index: loading tuples,7168,3744,0,52416,117537,0
40858,115062,building index: loading tuples,7168,3746,0,52455,117537,0
40953,115062,building index: loading tuples,7168,3749,0,52499,117537,0
41048,115062,building index: loading tuples,7168,3752,0,52539,117537,0
41146,115062,building index: loading tuples,7168,3755,0,52579,117537,0
41243,115062,building index: loading tuples,7168,3758,0,52618,117537,0
41337,115062,building index: loading tuples,7168,3761,0,52662,117537,0
41434,115062,building index: loading tuples,7168,3764,0,52699,117537,0
41528,115062,building index: loading tuples,7168,3767,0,52740,117537,0
41618,115062,building index: loading tuples,7168,3769,0,52779,117537,0
41709,115062,building index: loading tuples,7168,3772,0,52816,117537,0
41803,115062,building index: loading tuples,7168,3775,0,52855,117537,0
41894,115062,building index: loading tuples,7168,3777,0,52891,117537,0
41988,115062,building index: loading tuples,7168,3780,0,52928,117537,0
42079,115062,building index: loading tuples,7168,3783,0,52966,117537,0
42172,115062,building index: loading tuples,7168,3786,0,53005,117537,0
42262,115062,building index: loading tuples,7168,3788,0,53043,117537,0
42355,115062,building index: loading tuples,7168,3791,0,53082,117537,0
42451,115062,building index: loading tuples,7168,3794,0,53121,117537,0
42543,115062,building index: loading tuples,7168,3797,0,53161,117537,0
42639,115062,building index: loading tuples,7168,3800,0,53201,117537,0
42733,115062,building index: loading tuples,7168,3802,0,53239,117537,0
42826,115062,building index: loading tuples,7168,3805,0,53276,117537,0
42919,115062,building index: loading tuples,7168,3808,0,53317,117537,0
43010,115062,building index: loading tuples,7168,3811,0,53360,117537,0
43104,115062,building index: loading tuples,7168,3814,0,53400,117537,0
43199,115062,building index: loading tuples,7168,3817,0,53440,117537,0
43293,115062,building index: loading tuples,7168,3820,0,53482,117537,0
43386,115062,building index: loading tuples,7168,3823,0,53525,117537,0
43486,115062,building index: loading tuples,7168,3826,0,53565,117537,0
43587,115062,building index: loading tuples,7168,3829,0,53607,117537,0
43685,115062,building index: loading tuples,7168,3831,0,53647,117537,0
43780,115062,building index: loading tuples,7168,3834,0,53689,117537,0
43879,115062,building index: loading tuples,7168,3837,0,53731,117537,0
43979,115062,building index: loading tuples,7168,3840,0,53772,117537,0
44075,115062,building index: loading tuples,7168,3843,0,53814,117537,0
44210,115062,building index: loading tuples,7168,3847,0,53870,117537,0
44306,115062,building index: loading tuples,7168,3850,0,53912,117537,0
44405,115062,building index: loading tuples,7168,3853,0,53952,117537,0
44503,115062,building index: loading tuples,7168,3856,0,53992,117537,0
44600,115062,building index: loading tuples,7168,3859,0,54032,117537,0
44694,115062,building index: loading tuples,7168,3862,0,54074,117537,0
44791,115062,building index: loading tuples,7168,3865,0,54115,117537,0
44892,115062,building index: loading tuples,7168,3868,0,54153,117537,0
44990,115062,building index: loading tuples,7168,3870,0,54189,117537,0
45116,115062,building index: loading tuples,7168,3874,0,54242,117537,0
45214,115062,building index: loading tuples,7168,3877,0,54278,117537,0
45314,115062,building index: loading tuples,7168,3879,0,54317,117537,0
45410,115062,building index: loading tuples,7168,3882,0,54359,117537,0
45508,115062,building index: loading tuples,7168,3885,0,54399,117537,0
45604,115062,building index: loading tuples,7168,3888,0,54444,117537,0
45703,115062,building index: loading tuples,7168,3891,0,54484,117537,0
45803,115062,building index: loading tuples,7168,3894,0,54524,117537,0
45899,115062,building index: loading tuples,7168,3897,0,54563,117537,0
45993,115062,building index: loading tuples,7168,3900,0,54603,117537,0
46089,115062,building index: loading tuples,7168,3904,0,54659,117537,0
46217,115062,building index: loading tuples,7168,3907,0,54700,117537,0
46317,115062,building index: loading tuples,7168,3910,0,54746,117537,0
46415,115062,building index: loading tuples,7168,3913,0,54785,117537,0
46509,115062,building index: loading tuples,7168,3916,0,54826,117537,0
46607,115062,building index: loading tuples,7168,3919,0,54867,117537,0
46703,115062,building index: loading tuples,7168,3922,0,54911,117537,0
46801,115062,building index: loading tuples,7168,3925,0,54952,117537,0
46900,115062,building index: loading tuples,7168,3928,0,54994,117537,0
47002,115062,building index: loading tuples,7168,3931,0,55037,117537,0
47103,115062,building index: loading tuples,7168,3934,0,55076,117537,0
47201,115062,building index: loading tuples,7168,3936,0,55115,117537,0
47296,115062,building index: loading tuples,7168,3939,0,55156,117537,0
47396,115062,building index: loading tuples,7168,3942,0,55198,117537,0
47492,115062,building index: loading tuples,7168,3945,0,55232,117537,0
47591,115062,building index: loading tuples,7168,3947,0,55271,117537,0
47691,115062,building index: loading tuples,7168,3951,0,55315,117537,0
47791,115062,building index: loading tuples,7168,3953,0,55353,117537,0
47890,115062,building index: loading tuples,7168,3956,0,55393,117537,0
47990,115062,building index: loading tuples,7168,3959,0,55430,117537,0
48084,115062,building index: loading tuples,7168,3962,0,55470,117537,0
48179,115062,building index: loading tuples,7168,3964,0,55507,117537,0
48274,115062,building index: loading tuples,7168,3967,0,55548,117537,0
48372,115062,building index: loading tuples,7168,3970,0,55587,117537,0
48469,115062,building index: loading tuples,7168,3973,0,55625,117537,0
48563,115062,building index: loading tuples,7168,3976,0,55673,117537,0
48663,115062,building index: loading tuples,7168,3979,0,55716,117537,0
48760,115062,building index: loading tuples,7168,3982,0,55753,117537,0
48856,115062,building index: loading tuples,7168,3985,0,55793,117537,0
48955,115062,building index: loading tuples,7168,3988,0,55836,117537,0
49049,115062,building index: loading tuples,7168,3991,0,55875,117537,0
49147,115062,building index: loading tuples,7168,3993,0,55915,117537,0
49243,115062,building index: loading tuples,7168,3997,0,55958,117537,0
49341,115062,building index: loading tuples,7168,3999,0,55999,117537,0
49440,115062,building index: loading tuples,7168,4002,0,56034,117537,0
49536,115062,building index: loading tuples,7168,4005,0,56070,117537,0
49630,115062,building index: loading tuples,7168,4007,0,56107,117537,0
49726,115062,building index: loading tuples,7168,4010,0,56144,117537,0
49823,115062,building index: loading tuples,7168,4013,0,56184,117537,0
49919,115062,building index: loading tuples,7168,4016,0,56227,117537,0
50016,115062,building index: loading tuples,7168,4019,0,56270,117537,0
50113,115062,building index: loading tuples,7168,4022,0,56314,117537,0
50209,115062,building index: loading tuples,7168,4025,0,56357,117537,0
50308,115062,building index: loading tuples,7168,4028,0,56398,117537,0
50404,115062,building index: loading tuples,7168,4031,0,56439,117537,0
50499,115062,building index: loading tuples,7168,4034,0,56484,117537,0
50592,115062,building index: loading tuples,7168,4037,0,56525,117537,0
50689,115062,building index: loading tuples,7168,4040,0,56566,117537,0
50788,115062,building index: loading tuples,7168,4043,0,56606,117537,0
50884,115062,building index: loading tuples,7168,4046,0,56644,117537,0
50979,115062,building index: loading tuples,7168,4048,0,56681,117537,0
51075,115062,building index: loading tuples,7168,4051,0,56722,117537,0
51174,115062,building index: loading tuples,7168,4054,0,56762,117537,0
51268,115062,building index: loading tuples,7168,4057,0,56801,117537,0
51363,115062,building index: loading tuples,7168,4060,0,56841,117537,0
51461,115062,building index: loading tuples,7168,4062,0,56876,117537,0
51560,115062,building index: loading tuples,7168,4065,0,56913,117537,0
51657,115062,building index: loading tuples,7168,4067,0,56951,117537,0
51753,115062,building index: loading tuples,7168,4070,0,56988,117537,0
51849,115062,building index: loading tuples,7168,4073,0,57034,117537,0
51946,115062,building index: loading tuples,7168,4076,0,57072,117537,0
52043,115062,building index: loading tuples,7168,4079,0,57115,117537,0
52141,115062,building index: loading tuples,7168,4082,0,57156,117537,0
52240,115062,building index: loading tuples,7168,4085,0,57195,117537,0
52337,115062,building index: loading tuples,7168,4088,0,57237,117537,0
52432,115062,building index: loading tuples,7168,4091,0,57275,117537,0
52525,115062,building index: loading tuples,7168,4093,0,57314,117537,0
52621,115062,building index: loading tuples,7168,4096,0,57351,117537,0
52718,115062,building index: loading tuples,7168,4099,0,57392,117537,0
52813,115062,building index: loading tuples,7168,4102,0,57431,117537,0
52910,115062,building index: loading tuples,7168,4105,0,57474,117537,0
53009,115062,building index: loading tuples,7168,4108,0,57515,117537,0
53106,115062,building index: loading tuples,7168,4111,0,57555,117537,0
53203,115062,building index: loading tuples,7168,4114,0,57597,117537,0
53303,115062,building index: loading tuples,7168,4117,0,57640,117537,0
53398,115062,building index: loading tuples,7168,4119,0,57679,117537,0
53500,115062,building index: loading tuples,7168,4122,0,57721,117537,0
53599,115062,building index: loading tuples,7168,4125,0,57759,117537,0
53696,115062,building index: loading tuples,7168,4128,0,57800,117537,0
53793,115062,building index: loading tuples,7168,4131,0,57837,117537,0
53891,115062,building index: loading tuples,7168,4133,0,57874,117537,0
53989,115062,building index: loading tuples,7168,4136,0,57911,117537,0
54083,115062,building index: loading tuples,7168,4139,0,57949,117537,0
54184,115062,building index: loading tuples,7168,4142,0,57988,117537,0
54280,115062,building index: loading tuples,7168,4144,0,58023,117537,0
54375,115062,building index: loading tuples,7168,4147,0,58058,117537,0
54473,115062,building index: loading tuples,7168,4149,0,58094,117537,0
54570,115062,building index: loading tuples,7168,4152,0,58129,117537,0
54669,115062,building index: loading tuples,7168,4154,0,58163,117537,0
54766,115062,building index: loading tuples,7168,4157,0,58201,117537,0
54863,115062,building index: loading tuples,7168,4159,0,58235,117537,0
54960,115062,building index: loading tuples,7168,4162,0,58273,117537,0
55055,115062,building index: loading tuples,7168,4165,0,58310,117537,0
55151,115062,building index: loading tuples,7168,4167,0,58344,117537,0
55250,115062,building index: loading tuples,7168,4170,0,58380,117537,0
55348,115062,building index: loading tuples,7168,4172,0,58414,117537,0
55448,115062,building index: loading tuples,7168,4175,0,58450,117537,0
55546,115062,building index: loading tuples,7168,4177,0,58483,117537,0
55639,115062,building index: loading tuples,7168,4179,0,58517,117537,0
55737,115062,building index: loading tuples,7168,4182,0,58551,117537,0
55835,115062,building index: loading tuples,7168,4184,0,58587,117537,0
55935,115062,building index: loading tuples,7168,4187,0,58620,117537,0
56030,115062,building index: loading tuples,7168,4189,0,58655,117537,0
56128,115062,building index: loading tuples,7168,4192,0,58689,117537,0
56227,115062,building index: loading tuples,7168,4194,0,58723,117537,0
56321,115062,building index: loading tuples,7168,4197,0,58759,117537,0
56416,115062,building index: loading tuples,7168,4199,0,58794,117537,0
56510,115062,building index: loading tuples,7168,4202,0,58829,117537,0
56610,115062,building index: loading tuples,7168,4204,0,58861,117537,0
56708,115062,building index: loading tuples,7168,4206,0,58896,117537,0
56803,115062,building index: loading tuples,7168,4209,0,58930,117537,0
56902,115062,building index: loading tuples,7168,4211,0,58964,117537,0
56998,115062,building index: loading tuples,7168,4213,0,58995,117537,0
57092,115062,building index: loading tuples,7168,4216,0,59025,117537,0
57188,115062,building index: loading tuples,7168,4218,0,59058,117537,0
57286,115062,building index: loading tuples,7168,4220,0,59089,117537,0
57385,115062,building index: loading tuples,7168,4222,0,59121,117537,0
57484,115062,building index: loading tuples,7168,4225,0,59150,117537,0
57579,115062,building index: loading tuples,7168,4227,0,59183,117537,0
57673,115062,building index: loading tuples,7168,4229,0,59215,117537,0
57770,115062,building index: loading tuples,7168,4232,0,59248,117537,0
57866,115062,building index: loading tuples,7168,4234,0,59279,117537,0
57962,115062,building index: loading tuples,7168,4236,0,59313,117537,0
58060,115062,building index: loading tuples,7168,4239,0,59346,117537,0
58156,115062,building index: loading tuples,7168,4241,0,59376,117537,0
58254,115062,building index: loading tuples,7168,4243,0,59409,117537,0
58351,115062,building index: loading tuples,7168,4245,0,59442,117537,0
58444,115062,building index: loading tuples,7168,4248,0,59478,117537,0
58536,115062,building index: loading tuples,7168,4250,0,59511,117537,0
58630,115062,building index: loading tuples,7168,4253,0,59543,117537,0
58726,115062,building index: loading tuples,7168,4255,0,59574,117537,0
58819,115062,building index: loading tuples,7168,4257,0,59605,117537,0
58912,115062,building index: loading tuples,7168,4259,0,59637,117537,0
59007,115062,building index: loading tuples,7168,4262,0,59671,117537,0
59163,115062,building index: loading tuples,7168,4265,0,59722,117537,0
59257,115062,building index: loading tuples,7168,4268,0,59755,117537,0
59355,115062,building index: loading tuples,7168,4270,0,59790,117537,0
59453,115062,building index: loading tuples,7168,4273,0,59822,117537,0
59551,115062,building index: loading tuples,7168,4275,0,59855,117537,0
59645,115062,building index: loading tuples,7168,4277,0,59885,117537,0
59741,115062,building index: loading tuples,7168,4279,0,59916,117537,0
59841,115062,building index: loading tuples,7168,4281,0,59947,117537,0
59944,115062,building index: loading tuples,7168,4284,0,59980,117537,0
60040,115062,building index: loading tuples,7168,4286,0,60011,117537,0
60140,115062,building index: loading tuples,7168,4288,0,60041,117537,0
60234,115062,building index: loading tuples,7168,4290,0,60071,117537,0
60334,115062,building index: loading tuples,7168,4293,0,60103,117537,0
60426,115062,building index: loading tuples,7168,4295,0,60136,117537,0
60520,115062,building index: loading tuples,7168,4297,0,60167,117537,0
60618,115062,building index: loading tuples,7168,4300,0,60201,117537,0
60716,115062,building index: loading tuples,7168,4302,0,60234,117537,0
60812,115062,building index: loading tuples,7168,4304,0,60266,117537,0
60909,115062,building index: loading tuples,7168,4306,0,60297,117537,0
61007,115062,building index: loading tuples,7168,4309,0,60329,117537,0
61100,115062,building index: loading tuples,7168,4311,0,60359,117537,0
61198,115062,building index: loading tuples,7168,4313,0,60388,117537,0
61295,115062,building index: loading tuples,7168,4316,0,60425,117537,0
61390,115062,building index: loading tuples,7168,4318,0,60456,117537,0
61484,115062,building index: loading tuples,7168,4320,0,60488,117537,0
61582,115062,building index: loading tuples,7168,4322,0,60519,117537,0
61676,115062,building index: loading tuples,7168,4325,0,60551,117537,0
61773,115062,building index: loading tuples,7168,4327,0,60582,117537,0
61870,115062,building index: loading tuples,7168,4329,0,60614,117537,0
61966,115062,building index: loading tuples,7168,4331,0,60647,117537,0
62062,115062,building index: loading tuples,7168,4334,0,60681,117537,0
62162,115062,building index: loading tuples,7168,4336,0,60715,117537,0
62259,115062,building index: loading tuples,7168,4339,0,60748,117537,0
62355,115062,building index: loading tuples,7168,4341,0,60780,117537,0
62454,115062,building index: loading tuples,7168,4343,0,60812,117537,0
62550,115062,building index: loading tuples,7168,4345,0,60842,117537,0
62645,115062,building index: loading tuples,7168,4348,0,60874,117537,0
62741,115062,building index: loading tuples,7168,4350,0,60908,117537,0
62839,115062,building index: loading tuples,7168,4353,0,60943,117537,0
62938,115062,building index: loading tuples,7168,4355,0,60974,117537,0
63033,115062,building index: loading tuples,7168,4357,0,61007,117537,0
63129,115062,building index: loading tuples,7168,4359,0,61037,117537,0
63231,115062,building index: loading tuples,7168,4362,0,61071,117537,0
63328,115062,building index: loading tuples,7168,4364,0,61102,117537,0
63423,115062,building index: loading tuples,7168,4366,0,61136,117537,0
63517,115062,building index: loading tuples,7168,4368,0,61165,117537,0
63614,115062,building index: loading tuples,7168,4371,0,61197,117537,0
63715,115062,building index: loading tuples,7168,4373,0,61229,117537,0
63813,115062,building index: loading tuples,7168,4375,0,61262,117537,0
63910,115062,building index: loading tuples,7168,4378,0,61292,117537,0
64008,115062,building index: loading tuples,7168,4380,0,61324,117537,0
64102,115062,building index: loading tuples,7168,4382,0,61354,117537,0
64198,115062,building index: loading tuples,7168,4384,0,61384,117537,0
64294,115062,building index: loading tuples,7168,4386,0,61417,117537,0
64395,115062,building index: loading tuples,7168,4389,0,61448,117537,0
64491,115062,building index: loading tuples,7168,4391,0,61481,117537,0
64589,115062,building index: loading tuples,7168,4393,0,61513,117537,0
64686,115062,building index: loading tuples,7168,4396,0,61544,117537,0
64779,115062,building index: loading tuples,7168,4398,0,61578,117537,0
64879,115062,building index: loading tuples,7168,4400,0,61613,117537,0
64976,115062,building index: loading tuples,7168,4403,0,61642,117537,0
65070,115062,building index: loading tuples,7168,4405,0,61674,117537,0
65164,115062,building index: loading tuples,7168,4407,0,61704,117537,0
65260,115062,building index: loading tuples,7168,4409,0,61735,117537,0
65354,115062,building index: loading tuples,7168,4411,0,61767,117537,0
65451,115062,building index: loading tuples,7168,4414,0,61797,117537,0
65548,115062,building index: loading tuples,7168,4416,0,61827,117537,0
65643,115062,building index: loading tuples,7168,4418,0,61856,117537,0
65738,115062,building index: loading tuples,7168,4420,0,61890,117537,0
65834,115062,building index: loading tuples,7168,4423,0,61922,117537,0
65932,115062,building index: loading tuples,7168,4425,0,61955,117537,0
66032,115062,building index: loading tuples,7168,4427,0,61987,117537,0
66126,115062,building index: loading tuples,7168,4429,0,62018,117537,0
66226,115062,building index: loading tuples,7168,4432,0,62049,117537,0
66322,115062,building index: loading tuples,7168,4434,0,62081,117537,0
66417,115062,building index: loading tuples,7168,4436,0,62110,117537,0
66516,115062,building index: loading tuples,7168,4438,0,62142,117537,0
66612,115062,building index: loading tuples,7168,4440,0,62173,117537,0
66706,115062,building index: loading tuples,7168,4443,0,62203,117537,0
66799,115062,building index: loading tuples,7168,4445,0,62233,117537,0
66893,115062,building index: loading tuples,7168,4447,0,62265,117537,0
66990,115062,building index: loading tuples,7168,4449,0,62296,117537,0
67085,115062,building index: loading tuples,7168,4451,0,62326,117537,0
67183,115062,building index: loading tuples,7168,4453,0,62355,117537,0
67276,115062,building index: loading tuples,7168,4456,0,62388,117537,0
67372,115062,building index: loading tuples,7168,4458,0,62421,117537,0
67469,115062,building index: loading tuples,7168,4461,0,62456,117537,0
67563,115062,building index: loading tuples,7168,4463,0,62488,117537,0
67663,115062,building index: loading tuples,7168,4465,0,62521,117537,0
67758,115062,building index: loading tuples,7168,4467,0,62551,117537,0
67856,115062,building index: loading tuples,7168,4470,0,62582,117537,0
67955,115062,building index: loading tuples,7168,4472,0,62612,117537,0
68050,115062,building index: loading tuples,7168,4474,0,62643,117537,0
68143,115062,building index: loading tuples,7168,4476,0,62674,117537,0
68245,115062,building index: loading tuples,7168,4479,0,62708,117537,0
68348,115062,building index: loading tuples,7168,4481,0,62740,117537,0
68448,115062,building index: loading tuples,7168,4483,0,62770,117537,0
68546,115062,building index: loading tuples,7168,4485,0,62803,117537,0
68645,115062,building index: loading tuples,7168,4488,0,62836,117537,0
68742,115062,building index: loading tuples,7168,4490,0,62869,117537,0
68838,115062,building index: loading tuples,7168,4492,0,62899,117537,0
68931,115062,building index: loading tuples,7168,4494,0,62928,117537,0
69025,115062,building index: loading tuples,7168,4496,0,62957,117537,0
69124,115062,building index: loading tuples,7168,4499,0,62987,117537,0
69221,115062,building index: loading tuples,7168,4501,0,63018,117537,0
69316,115062,building index: loading tuples,7168,4503,0,63050,117537,0
69416,115062,building index: loading tuples,7168,4505,0,63083,117537,0
69512,115062,building index: loading tuples,7168,4508,0,63115,117537,0
69610,115062,building index: loading tuples,7168,4510,0,63146,117537,0
69707,115062,building index: loading tuples,7168,4512,0,63176,117537,0
69804,115062,building index: loading tuples,7168,4514,0,63207,117537,0
69899,115062,building index: loading tuples,7168,4517,0,63238,117537,0
69991,115062,building index: loading tuples,7168,4519,0,63270,117537,0
70090,115062,building index: loading tuples,7168,4521,0,63306,117537,0
70189,115062,building index: loading tuples,7168,4524,0,63338,117537,0
70290,115062,building index: loading tuples,7168,4526,0,63370,117537,0
70384,115062,building index: loading tuples,7168,4528,0,63401,117537,0
70476,115062,building index: loading tuples,7168,4531,0,63436,117537,0
70561,115062,building index: loading tuples,7168,4533,0,63468,117537,0
70657,115062,building index: loading tuples,7168,4535,0,63500,117537,0
70756,115062,building index: loading tuples,7168,4538,0,63532,117537,0
70853,115062,building index: loading tuples,7168,4540,0,63562,117537,0
70949,115062,building index: loading tuples,7168,4542,0,63594,117537,0
71044,115062,building index: loading tuples,7168,4544,0,63621,117537,0
71138,115062,building index: loading tuples,7168,4546,0,63649,117537,0
71236,115062,building index: loading tuples,7168,4548,0,63680,117537,0
71332,115062,building index: loading tuples,7168,4550,0,63710,117537,0
71433,115062,building index: loading tuples,7168,4553,0,63743,117537,0
71528,115062,building index: loading tuples,7168,4555,0,63774,117537,0
71621,115062,building index: loading tuples,7168,4557,0,63806,117537,0
71714,115062,building index: loading tuples,7168,4559,0,63834,117537,0
71808,115062,building index: loading tuples,7168,4561,0,63865,117537,0
71900,115062,building index: loading tuples,7168,4564,0,63897,117537,0
71992,115062,building index: loading tuples,7168,4566,0,63927,117537,0
72083,115062,building index: loading tuples,7168,4568,0,63960,117537,0
72178,115062,building index: loading tuples,7168,4570,0,63991,117537,0
72270,115062,building index: loading tuples,7168,4573,0,64023,117537,0
72362,115062,building index: loading tuples,7168,4575,0,64055,117537,0
72456,115062,building index: loading tuples,7168,4577,0,64087,117537,0
72548,115062,building index: loading tuples,7168,4579,0,64119,117537,0
72643,115062,building index: loading tuples,7168,4582,0,64151,117537,0
72736,115062,building index: loading tuples,7168,4584,0,64183,117537,0
72829,115062,building index: loading tuples,7168,4586,0,64215,117537,0
72925,115062,building index: loading tuples,7168,4589,0,64247,117537,0
73018,115062,building index: loading tuples,7168,4591,0,64279,117537,0
73116,115062,building index: loading tuples,7168,4593,0,64312,117537,0
73217,115062,building index: loading tuples,7168,4596,0,64345,117537,0
73311,115062,building index: loading tuples,7168,4598,0,64377,117537,0
73408,115062,building index: loading tuples,7168,4600,0,64406,117537,0
73505,115062,building index: loading tuples,7168,4602,0,64435,117537,0
73601,115062,building index: loading tuples,7168,4604,0,64465,117537,0
73697,115062,building index: loading tuples,7168,4606,0,64494,117537,0
73800,115062,building index: loading tuples,7168,4609,0,64526,117537,0
73897,115062,building index: loading tuples,7168,4611,0,64555,117537,0
73994,115062,building index: loading tuples,7168,4613,0,64585,117537,0
74087,115062,building index: loading tuples,7168,4615,0,64616,117537,0
74184,115062,building index: loading tuples,7168,4617,0,64644,117537,0
74279,115062,building index: loading tuples,7168,4619,0,64673,117537,0
74380,115062,building index: loading tuples,7168,4621,0,64705,117537,0
74478,115062,building index: loading tuples,7168,4624,0,64737,117537,0
74574,115062,building index: loading tuples,7168,4626,0,64769,117537,0
74672,115062,building index: loading tuples,7168,4628,0,64801,117537,0
74769,115062,building index: loading tuples,7168,4630,0,64832,117537,0
74864,115062,building index: loading tuples,7168,4633,0,64863,117537,0
74966,115062,building index: loading tuples,7168,4635,0,64892,117537,0
75063,115062,building index: loading tuples,7168,4637,0,64922,117537,0
75162,115062,building index: loading tuples,7168,4639,0,64952,117537,0
75262,115062,building index: loading tuples,7168,4641,0,64982,117537,0
75358,115062,building index: loading tuples,7168,4643,0,65014,117537,0
75457,115062,building index: loading tuples,7168,4646,0,65045,117537,0
75556,115062,building index: loading tuples,7168,4648,0,65074,117537,0
75653,115062,building index: loading tuples,7168,4650,0,65106,117537,0
75749,115062,building index: loading tuples,7168,4652,0,65136,117537,0
75847,115062,building index: loading tuples,7168,4654,0,65166,117537,0
75946,115062,building index: loading tuples,7168,4657,0,65198,117537,0
76040,115062,building index: loading tuples,7168,4659,0,65230,117537,0
76146,115062,building index: loading tuples,7168,4661,0,65263,117537,0
76239,115062,building index: loading tuples,7168,4663,0,65290,117537,0
76332,115062,building index: loading tuples,7168,4665,0,65318,117537,0
76428,115062,building index: loading tuples,7168,4667,0,65349,117537,0
76526,115062,building index: loading tuples,7168,4669,0,65376,117537,0
76626,115062,building index: loading tuples,7168,4671,0,65405,117537,0
76727,115062,building index: loading tuples,7168,4673,0,65434,117537,0
76828,115062,building index: loading tuples,7168,4675,0,65462,117537,0
76927,115062,building index: loading tuples,7168,4677,0,65491,117537,0
77024,115062,building index: loading tuples,7168,4680,0,65520,117537,0
77121,115062,building index: loading tuples,7168,4682,0,65548,117537,0
77219,115062,building index: loading tuples,7168,4684,0,65580,117537,0
77316,115062,building index: loading tuples,7168,4686,0,65612,117537,0
77420,115062,building index: loading tuples,7168,4688,0,65640,117537,0
77516,115062,building index: loading tuples,7168,4691,0,65674,117537,0
77620,115062,building index: loading tuples,7168,4693,0,65703,117537,0
77716,115062,building index: loading tuples,7168,4695,0,65736,117537,0
77817,115062,building index: loading tuples,7168,4697,0,65767,117537,0
77915,115062,building index: loading tuples,7168,4699,0,65799,117537,0
78011,115062,building index: loading tuples,7168,4702,0,65831,117537,0
78111,115062,building index: loading tuples,7168,4704,0,65861,117537,0
78209,115062,building index: loading tuples,7168,4706,0,65891,117537,0
78306,115062,building index: loading tuples,7168,4708,0,65921,117537,0
78402,115062,building index: loading tuples,7168,4710,0,65951,117537,0
78499,115062,building index: loading tuples,7168,4713,0,65987,117537,0
78598,115062,building index: loading tuples,7168,4715,0,66021,117537,0
78697,115062,building index: loading tuples,7168,4717,0,66050,117537,0
78797,115062,building index: loading tuples,7168,4719,0,66079,117537,0
78893,115062,building index: loading tuples,7168,4722,0,66112,117537,0
78990,115062,building index: loading tuples,7168,4724,0,66142,117537,0
79084,115062,building index: loading tuples,7168,4726,0,66172,117537,0
79183,115062,building index: loading tuples,7168,4728,0,66204,117537,0
79275,115062,building index: loading tuples,7168,4731,0,66241,117537,0
79367,115062,building index: loading tuples,7168,4733,0,66271,117537,0
79474,115062,building index: loading tuples,7168,4735,0,66301,117537,0
79571,115062,building index: loading tuples,7168,4737,0,66330,117537,0
79673,115062,building index: loading tuples,7168,4740,0,66360,117537,0
79772,115062,building index: loading tuples,7168,4742,0,66393,117537,0
79869,115062,building index: loading tuples,7168,4744,0,66425,117537,0
79968,115062,building index: loading tuples,7168,4746,0,66452,117537,0
80067,115062,building index: loading tuples,7168,4748,0,66484,117537,0
80166,115062,building index: loading tuples,7168,4750,0,66508,117537,0
80263,115062,building index: loading tuples,7168,4752,0,66539,117537,0
80358,115062,building index: loading tuples,7168,4754,0,66569,117537,0
80455,115062,building index: loading tuples,7168,4757,0,66599,117537,0
80551,115062,building index: loading tuples,7168,4759,0,66632,117537,0
80645,115062,building index: loading tuples,7168,4761,0,66660,117537,0
80740,115062,building index: loading tuples,7168,4763,0,66691,117537,0
80835,115062,building index: loading tuples,7168,4765,0,66721,117537,0
80930,115062,building index: loading tuples,7168,4767,0,66751,117537,0
81025,115062,building index: loading tuples,7168,4770,0,66781,117537,0
81121,115062,building index: loading tuples,7168,4772,0,66814,117537,0
81217,115062,building index: loading tuples,7168,4774,0,66847,117537,0
81315,115062,building index: loading tuples,7168,4777,0,66879,117537,0
81415,115062,building index: loading tuples,7168,4779,0,66912,117537,0
81514,115062,building index: loading tuples,7168,4781,0,66943,117537,0
81610,115062,building index: loading tuples,7168,4784,0,66977,117537,0
81710,115062,building index: loading tuples,7168,4786,0,67008,117537,0
81804,115062,building index: loading tuples,7168,4788,0,67037,117537,0
81897,115062,building index: loading tuples,7168,4790,0,67069,117537,0
81991,115062,building index: loading tuples,7168,4792,0,67101,117537,0
82086,115062,building index: loading tuples,7168,4795,0,67131,117537,0
82179,115062,building index: loading tuples,7168,4797,0,67162,117537,0
82272,115062,building index: loading tuples,7168,4799,0,67191,117537,0
82365,115062,building index: loading tuples,7168,4801,0,67223,117537,0
82457,115062,building index: loading tuples,7168,4803,0,67252,117537,0
82551,115062,building index: loading tuples,7168,4805,0,67282,117537,0
82647,115062,building index: loading tuples,7168,4808,0,67315,117537,0
82740,115062,building index: loading tuples,7168,4810,0,67345,117537,0
82834,115062,building index: loading tuples,7168,4812,0,67377,117537,0
82927,115062,building index: loading tuples,7168,4814,0,67409,117537,0
83020,115062,building index: loading tuples,7168,4817,0,67442,117537,0
83116,115062,building index: loading tuples,7168,4819,0,67472,117537,0
83210,115062,building index: loading tuples,7168,4821,0,67503,117537,0
83304,115062,building index: loading tuples,7168,4823,0,67534,117537,0
83399,115062,building index: loading tuples,7168,4826,0,67564,117537,0
83492,115062,building index: loading tuples,7168,4828,0,67592,117537,0
83584,115062,building index: loading tuples,7168,4830,0,67624,117537,0
83678,115062,building index: loading tuples,7168,4832,0,67654,117537,0
83771,115062,building index: loading tuples,7168,4834,0,67683,117537,0
83865,115062,building index: loading tuples,7168,4836,0,67715,117537,0
83956,115062,building index: loading tuples,7168,4838,0,67745,117537,0
84048,115062,building index: loading tuples,7168,4841,0,67775,117537,0
84139,115062,building index: loading tuples,7168,4843,0,67804,117537,0
84230,115062,building index: loading tuples,7168,4845,0,67839,117537,0
84325,115062,building index: loading tuples,7168,4847,0,67868,117537,0
84424,115062,building index: loading tuples,7168,4849,0,67899,117537,0
84524,115062,building index: loading tuples,7168,4852,0,67931,117537,0
84624,115062,building index: loading tuples,7168,4854,0,67962,117537,0
84719,115062,building index: loading tuples,7168,4856,0,67991,117537,0
84816,115062,building index: loading tuples,7168,4858,0,68023,117537,0
84914,115062,building index: loading tuples,7168,4861,0,68055,117537,0
85012,115062,building index: loading tuples,7168,4863,0,68083,117537,0
85109,115062,building index: loading tuples,7168,4865,0,68114,117537,0
85205,115062,building index: loading tuples,7168,4867,0,68145,117537,0
85300,115062,building index: loading tuples,7168,4869,0,68173,117537,0
85399,115062,building index: loading tuples,7168,4871,0,68205,117537,0
85494,115062,building index: loading tuples,7168,4874,0,68237,117537,0
85589,115062,building index: loading tuples,7168,4876,0,68264,117537,0
85684,115062,building index: loading tuples,7168,4878,0,68297,117537,0
85778,115062,building index: loading tuples,7168,4881,0,68334,117537,0
85871,115062,building index: loading tuples,7168,4883,0,68375,117537,0
85970,115062,building index: loading tuples,7168,4886,0,68413,117537,0
86080,115062,building index: loading tuples,7168,4889,0,68451,117537,0
86175,115062,building index: loading tuples,7168,4891,0,68487,117537,0
86271,115062,building index: loading tuples,7168,4894,0,68524,117537,0
86375,115062,building index: loading tuples,7168,4897,0,68558,117537,0
86465,115062,building index: loading tuples,7168,4899,0,68593,117537,0
86562,115062,building index: loading tuples,7168,4901,0,68623,117537,0
86659,115062,building index: loading tuples,7168,4904,0,68657,117537,0
86752,115062,building index: loading tuples,7168,4906,0,68692,117537,0
86844,115062,building index: loading tuples,7168,4908,0,68725,117537,0
86941,115062,building index: loading tuples,7168,4911,0,68755,117537,0
87034,115062,building index: loading tuples,7168,4913,0,68789,117537,0
87132,115062,building index: loading tuples,7168,4916,0,68824,117537,0
87229,115062,building index: loading tuples,7168,4918,0,68855,117537,0
87323,115062,building index: loading tuples,7168,4920,0,68884,117537,0
87415,115062,building index: loading tuples,7168,4922,0,68918,117537,0
87510,115062,building index: loading tuples,7168,4925,0,68952,117537,0
87604,115062,building index: loading tuples,7168,4927,0,68983,117537,0
87699,115062,building index: loading tuples,7168,4929,0,69015,117537,0
87792,115062,building index: loading tuples,7168,4932,0,69048,117537,0
87885,115062,building index: loading tuples,7168,4934,0,69078,117537,0
87975,115062,building index: loading tuples,7168,4936,0,69108,117537,0
88065,115062,building index: loading tuples,7168,4938,0,69138,117537,0
88160,115062,building index: loading tuples,7168,4940,0,69168,117537,0
88253,115062,building index: loading tuples,7168,4942,0,69200,117537,0
88345,115062,building index: loading tuples,7168,4945,0,69230,117537,0
88437,115062,building index: loading tuples,7168,4947,0,69263,117537,0
88529,115062,building index: loading tuples,7168,4949,0,69292,117537,0
88623,115062,building index: loading tuples,7168,4951,0,69322,117537,0
88722,115062,building index: loading tuples,7168,4953,0,69354,117537,0
88818,115062,building index: loading tuples,7168,4956,0,69386,117537,0
88916,115062,building index: loading tuples,7168,4958,0,69418,117537,0
89010,115062,building index: loading tuples,7168,4960,0,69450,117537,0
89105,115062,building index: loading tuples,7168,4963,0,69483,117537,0
89204,115062,building index: loading tuples,7168,4965,0,69517,117537,0
89301,115062,building index: loading tuples,7168,4967,0,69547,117537,0
89397,115062,building index: loading tuples,7168,4969,0,69575,117537,0
89495,115062,building index: loading tuples,7168,4972,0,69608,117537,0
89591,115062,building index: loading tuples,7168,4974,0,69640,117537,0
89686,115062,building index: loading tuples,7168,4976,0,69672,117537,0
89784,115062,building index: loading tuples,7168,4978,0,69700,117537,0
89878,115062,building index: loading tuples,7168,4980,0,69731,117537,0
89977,115062,building index: loading tuples,7168,4982,0,69761,117537,0
90073,115062,building index: loading tuples,7168,4985,0,69794,117537,0
90168,115062,building index: loading tuples,7168,4987,0,69826,117537,0
90262,115062,building index: loading tuples,7168,4990,0,69860,117537,0
90359,115062,building index: loading tuples,7168,4992,0,69894,117537,0
90458,115062,building index: loading tuples,7168,4994,0,69925,117537,0
90553,115062,building index: loading tuples,7168,4996,0,69957,117537,0
90648,115062,building index: loading tuples,7168,4999,0,69987,117537,0
90752,115062,building index: loading tuples,7168,5001,0,70020,117537,0
90851,115062,building index: loading tuples,7168,5003,0,70052,117537,0
90949,115062,building index: loading tuples,7168,5006,0,70084,117537,0
91043,115062,building index: loading tuples,7168,5008,0,70116,117537,0
91137,115062,building index: loading tuples,7168,5010,0,70147,117537,0
91235,115062,building index: loading tuples,7168,5012,0,70180,117537,0
91327,115062,building index: loading tuples,7168,5015,0,70213,117537,0
91420,115062,building index: loading tuples,7168,5017,0,70244,117537,0
91514,115062,building index: loading tuples,7168,5019,0,70277,117537,0
91609,115062,building index: loading tuples,7168,5022,0,70312,117537,0
91706,115062,building index: loading tuples,7168,5024,0,70344,117537,0
91802,115062,building index: loading tuples,7168,5027,0,70378,117537,0
91900,115062,building index: loading tuples,7168,5029,0,70409,117537,0
91999,115062,building index: loading tuples,7168,5031,0,70438,117537,0
92093,115062,building index: loading tuples,7168,5033,0,70470,117537,0
92193,115062,building index: loading tuples,7168,5035,0,70501,117537,0
92288,115062,building index: loading tuples,7168,5037,0,70531,117537,0
92385,115062,building index: loading tuples,7168,5040,0,70561,117537,0
92478,115062,building index: loading tuples,7168,5042,0,70592,117537,0
92574,115062,building index: loading tuples,7168,5044,0,70623,117537,0
92671,115062,building index: loading tuples,7168,5046,0,70656,117537,0
92767,115062,building index: loading tuples,7168,5049,0,70686,117537,0
92864,115062,building index: loading tuples,7168,5051,0,70721,117537,0
92959,115062,building index: loading tuples,7168,5053,0,70753,117537,0
93059,115062,building index: loading tuples,7168,5056,0,70785,117537,0
93155,115062,building index: loading tuples,7168,5058,0,70816,117537,0
93252,115062,building index: loading tuples,7168,5060,0,70845,117537,0
93346,115062,building index: loading tuples,7168,5062,0,70877,117537,0
93443,115062,building index: loading tuples,7168,5064,0,70907,117537,0
93537,115062,building index: loading tuples,7168,5067,0,70938,117537,0
93631,115062,building index: loading tuples,7168,5069,0,70967,117537,0
93726,115062,building index: loading tuples,7168,5071,0,70999,117537,0
93824,115062,building index: loading tuples,7168,5073,0,71030,117537,0
93921,115062,building index: loading tuples,7168,5075,0,71060,117537,0
94018,115062,building index: loading tuples,7168,5077,0,71091,117537,0
94114,115062,building index: loading tuples,7168,5080,0,71125,117537,0
94208,115062,building index: loading tuples,7168,5082,0,71157,117537,0
94305,115062,building index: loading tuples,7168,5084,0,71188,117537,0
94403,115062,building index: loading tuples,7168,5087,0,71221,117537,0
94505,115062,building index: loading tuples,7168,5089,0,71252,117537,0
94599,115062,building index: loading tuples,7168,5091,0,71280,117537,0
94695,115062,building index: loading tuples,7168,5093,0,71313,117537,0
94791,115062,building index: loading tuples,7168,5096,0,71346,117537,0
94886,115062,building index: loading tuples,7168,5098,0,71377,117537,0
94980,115062,building index: loading tuples,7168,5100,0,71408,117537,0
95079,115062,building index: loading tuples,7168,5103,0,71453,117537,0
95222,115062,building index: loading tuples,7168,5106,0,71484,117537,0
95320,115062,building index: loading tuples,7168,5108,0,71517,117537,0
95415,115062,building index: loading tuples,7168,5110,0,71550,117537,0
95512,115062,building index: loading tuples,7168,5113,0,71582,117537,0
95609,115062,building index: loading tuples,7168,5115,0,71614,117537,0
95705,115062,building index: loading tuples,7168,5117,0,71648,117537,0
95800,115062,building index: loading tuples,7168,5120,0,71686,117537,0
95897,115062,building index: loading tuples,7168,5122,0,71718,117537,0
95994,115062,building index: loading tuples,7168,5125,0,71750,117537,0
96088,115062,building index: loading tuples,7168,5127,0,71788,117537,0
96196,115062,building index: loading tuples,7168,5129,0,71818,117537,0
96292,115062,building index: loading tuples,7168,5132,0,71850,117537,0
96393,115062,building index: loading tuples,7168,5134,0,71883,117537,0
96487,115062,building index: loading tuples,7168,5136,0,71914,117537,0
96584,115062,building index: loading tuples,7168,5139,0,71946,117537,0
96677,115062,building index: loading tuples,7168,5141,0,71978,117537,0
96771,115062,building index: loading tuples,7168,5143,0,72009,117537,0
96869,115062,building index: loading tuples,7168,5145,0,72040,117537,0
96968,115062,building index: loading tuples,7168,5148,0,72072,117537,0
97069,115062,building index: loading tuples,7168,5150,0,72103,117537,0
97185,115062,building index: loading tuples,7168,5152,0,72140,117537,0
97280,115062,building index: loading tuples,7168,5155,0,72172,117537,0
97383,115062,building index: loading tuples,7168,5157,0,72209,117537,0
97481,115062,building index: loading tuples,7168,5160,0,72240,117537,0
97577,115062,building index: loading tuples,7168,5162,0,72271,117537,0
97673,115062,building index: loading tuples,7168,5164,0,72303,117537,0
97768,115062,building index: loading tuples,7168,5166,0,72335,117537,0
97868,115062,building index: loading tuples,7168,5169,0,72367,117537,0
97965,115062,building index: loading tuples,7168,5171,0,72399,117537,0
98061,115062,building index: loading tuples,7168,5173,0,72431,117537,0
98157,115062,building index: loading tuples,7168,5175,0,72463,117537,0
98258,115062,building index: loading tuples,7168,5178,0,72494,117537,0
98355,115062,building index: loading tuples,7168,5180,0,72523,117537,0
98455,115062,building index: loading tuples,7168,5182,0,72557,117537,0
98557,115062,building index: loading tuples,7168,5185,0,72591,117537,0
98654,115062,building index: loading tuples,7168,5187,0,72625,117537,0
98752,115062,building index: loading tuples,7168,5189,0,72657,117537,0
98847,115062,building index: loading tuples,7168,5191,0,72685,117537,0
98943,115062,building index: loading tuples,7168,5194,0,72716,117537,0
99036,115062,building index: loading tuples,7168,5196,0,72750,117537,0
99144,115062,building index: loading tuples,7168,5198,0,72785,117537,0
99245,115062,building index: loading tuples,7168,5201,0,72816,117537,0
99337,115062,building index: loading tuples,7168,5203,0,72849,117537,0
99433,115062,building index: loading tuples,7168,5205,0,72879,117537,0
99528,115062,building index: loading tuples,7168,5207,0,72908,117537,0
99626,115062,building index: loading tuples,7168,5209,0,72937,117537,0
99722,115062,building index: loading tuples,7168,5211,0,72966,117537,0
99821,115062,building index: loading tuples,7168,5214,0,73008,117537,0
99916,115062,building index: loading tuples,7168,5216,0,73037,117537,0
100008,115062,building index: loading tuples,7168,5219,0,73070,117537,0
100106,115062,building index: loading tuples,7168,5221,0,73101,117537,0
100199,115062,building index: loading tuples,7168,5223,0,73129,117537,0
100302,115062,building index: loading tuples,7168,5225,0,73161,117537,0
100408,115062,building index: loading tuples,7168,5228,0,73194,117537,0
100521,115062,building index: loading tuples,7168,5230,0,73227,117537,0
100627,115062,building index: loading tuples,7168,5232,0,73259,117537,0
100733,115062,building index: loading tuples,7168,5235,0,73292,117537,0
100831,115062,building index: loading tuples,7168,5237,0,73321,117537,0
100931,115062,building index: loading tuples,7168,5239,0,73357,117537,0
101032,115062,building index: loading tuples,7168,5242,0,73391,117537,0
101130,115062,building index: loading tuples,7168,5244,0,73421,117537,0
101225,115062,building index: loading tuples,7168,5246,0,73451,117537,0
101319,115062,building index: loading tuples,7168,5248,0,73483,117537,0
101417,115062,building index: loading tuples,7168,5250,0,73513,117537,0
101514,115062,building index: loading tuples,7168,5252,0,73540,117537,0
101606,115062,building index: loading tuples,7168,5255,0,73576,117537,0
101710,115062,building index: loading tuples,7168,5257,0,73605,117537,0
101809,115062,building index: loading tuples,7168,5259,0,73636,117537,0
101902,115062,building index: loading tuples,7168,5262,0,73668,117537,0
101994,115062,building index: loading tuples,7168,5264,0,73704,117537,0
102093,115062,building index: loading tuples,7168,5266,0,73737,117537,0
102195,115062,building index: loading tuples,7168,5269,0,73773,117537,0
102288,115062,building index: loading tuples,7168,5271,0,73806,117537,0
102379,115062,building index: loading tuples,7168,5274,0,73839,117537,0
102476,115062,building index: loading tuples,7168,5276,0,73872,117537,0
102570,115062,building index: loading tuples,7168,5279,0,73906,117537,0
102664,115062,building index: loading tuples,7168,5281,0,73940,117537,0
102756,115062,building index: loading tuples,7168,5283,0,73972,117537,0
102847,115062,building index: loading tuples,7168,5286,0,74004,117537,0
102940,115062,building index: loading tuples,7168,5288,0,74038,117537,0
103032,115062,building index: loading tuples,7168,5290,0,74072,117537,0
103126,115062,building index: loading tuples,7168,5293,0,74105,117537,0
103219,115062,building index: loading tuples,7168,5295,0,74136,117537,0
103313,115062,building index: loading tuples,7168,5297,0,74168,117537,0
103407,115062,building index: loading tuples,7168,5299,0,74198,117537,0
103503,115062,building index: loading tuples,7168,5302,0,74229,117537,0
103601,115062,building index: loading tuples,7168,5304,0,74258,117537,0
103704,115062,building index: loading tuples,7168,5306,0,74287,117537,0
103834,115062,building index: loading tuples,7168,5308,0,74312,117537,0
103928,115062,building index: loading tuples,7168,5310,0,74346,117537,0
104022,115062,building index: loading tuples,7168,5312,0,74380,117537,0
104120,115062,building index: loading tuples,7168,5315,0,74410,117537,0
104220,115062,building index: loading tuples,7168,5317,0,74444,117537,0
104343,115062,building index: loading tuples,7168,5319,0,74473,117537,0
104447,115062,building index: loading tuples,7168,5321,0,74504,117537,0
104551,115062,building index: loading tuples,7168,5324,0,74537,117537,0
104647,115062,building index: loading tuples,7168,5326,0,74568,117537,0
104743,115062,building index: loading tuples,7168,5328,0,74598,117537,0
104851,115062,building index: loading tuples,7168,5330,0,74627,117537,0
104950,115062,building index: loading tuples,7168,5332,0,74660,117537,0
105050,115062,building index: loading tuples,7168,5335,0,74690,117537,0
105156,115062,building index: loading tuples,7168,5337,0,74718,117537,0
105257,115062,building index: loading tuples,7168,5339,0,74749,117537,0
105350,115062,building index: loading tuples,7168,5341,0,74779,117537,0
105449,115062,building index: loading tuples,7168,5343,0,74809,117537,0
105548,115062,building index: loading tuples,7168,5345,0,74840,117537,0
105651,115062,building index: loading tuples,7168,5347,0,74870,117537,0
105764,115062,building index: loading tuples,7168,5350,0,74903,117537,0
105872,115062,building index: loading tuples,7168,5352,0,74936,117537,0
105980,115062,building index: loading tuples,7168,5355,0,74971,117537,0
106081,115062,building index: loading tuples,7168,5357,0,75001,117537,0
106180,115062,building index: loading tuples,7168,5359,0,75033,117537,0
106281,115062,building index: loading tuples,7168,5361,0,75065,117537,0
106398,115062,building index: loading tuples,7168,5364,0,75101,117537,0
106496,115062,building index: loading tuples,7168,5366,0,75134,117537,0
106597,115062,building index: loading tuples,7168,5369,0,75167,117537,0
106697,115062,building index: loading tuples,7168,5371,0,75199,117537,0
106806,115062,building index: loading tuples,7168,5373,0,75230,117537,0
106906,115062,building index: loading tuples,7168,5375,0,75259,117537,0
107008,115062,building index: loading tuples,7168,5377,0,75291,117537,0
107103,115062,building index: loading tuples,7168,5380,0,75323,117537,0
107207,115062,building index: loading tuples,7168,5382,0,75356,117537,0
107314,115062,building index: loading tuples,7168,5385,0,75390,117537,0
107425,115062,building index: loading tuples,7168,5387,0,75420,117537,0
107529,115062,building index: loading tuples,7168,5389,0,75453,117537,0
107628,115062,building index: loading tuples,7168,5391,0,75485,117537,0
107725,115062,building index: loading tuples,7168,5394,0,75516,117537,0
107831,115062,building index: loading tuples,7168,5396,0,75546,117537,0
107927,115062,building index: loading tuples,7168,5398,0,75577,117537,0
108020,115062,building index: loading tuples,7168,5400,0,75609,117537,0
108119,115062,building index: loading tuples,7168,5402,0,75639,117537,0
108211,115062,building index: loading tuples,7168,5405,0,75682,117537,0
108317,115062,building index: loading tuples,7168,5408,0,75712,117537,0
108418,115062,building index: loading tuples,7168,5410,0,75742,117537,0
108515,115062,building index: loading tuples,7168,5412,0,75775,117537,0
108615,115062,building index: loading tuples,7168,5415,0,75818,117537,0
108710,115062,building index: loading tuples,7168,5417,0,75850,117537,0
108815,115062,building index: loading tuples,7168,5420,0,75884,117537,0
108915,115062,building index: loading tuples,7168,5422,0,75915,117537,0
109001,115062,building index: loading tuples,7168,5424,0,75943,117537,0
109106,115062,building index: loading tuples,7168,5426,0,75972,117537,0
109206,115062,building index: loading tuples,7168,5429,0,76007,117537,0
109308,115062,building index: loading tuples,7168,5431,0,76037,117537,0
109415,115062,building index: loading tuples,7168,5433,0,76067,117537,0
109512,115062,building index: loading tuples,7168,5435,0,76099,117537,0
109613,115062,building index: loading tuples,7168,5437,0,76128,117537,0
109707,115062,building index: loading tuples,7168,5439,0,76159,117537,0
109812,115062,building index: loading tuples,7168,5442,0,76192,117537,0
109902,115062,building index: loading tuples,7168,5444,0,76225,117537,0
110002,115062,building index: loading tuples,7168,5446,0,76257,117537,0
110097,115062,building index: loading tuples,7168,5448,0,76285,117537,0
110191,115062,building index: loading tuples,7168,5451,0,76317,117537,0
110284,115062,building index: loading tuples,7168,5453,0,76351,117537,0
110383,115062,building index: loading tuples,7168,5455,0,76379,117537,0
110479,115062,building index: loading tuples,7168,5458,0,76412,117537,0
110585,115062,building index: loading tuples,7168,5460,0,76447,117537,0
110690,115062,building index: loading tuples,7168,5462,0,76481,117537,0
110783,115062,building index: loading tuples,7168,5465,0,76515,117537,0
110887,115062,building index: loading tuples,7168,5467,0,76545,117537,0
110988,115062,building index: loading tuples,7168,5469,0,76575,117537,0
111097,115062,building index: loading tuples,7168,5471,0,76606,117537,0
111192,115062,building index: loading tuples,7168,5474,0,76636,117537,0
111288,115062,building index: loading tuples,7168,5476,0,76666,117537,0
111377,115062,building index: loading tuples,7168,5478,0,76705,117537,0
111461,115062,building index: loading tuples,7168,5481,0,76738,117537,0
111567,115062,building index: loading tuples,7168,5483,0,76771,117537,0
111686,115062,building index: loading tuples,7168,5485,0,76802,117537,0
111788,115062,building index: loading tuples,7168,5488,0,76833,117537,0
111894,115062,building index: loading tuples,7168,5490,0,76863,117537,0
111994,115062,building index: loading tuples,7168,5492,0,76891,117537,0
112112,115062,building index: loading tuples,7168,5494,0,76924,117537,0
112214,115062,building index: loading tuples,7168,5496,0,76954,117537,0
112307,115062,building index: loading tuples,7168,5498,0,76983,117537,0
112397,115062,building index: loading tuples,7168,5501,0,77019,117537,0
112485,115062,building index: loading tuples,7168,5503,0,77050,117537,0
112576,115062,building index: loading tuples,7168,5505,0,77080,117537,0
112691,115062,building index: loading tuples,7168,5507,0,77109,117537,0
112792,115062,building index: loading tuples,7168,5510,0,77143,117537,0
112887,115062,building index: loading tuples,7168,5512,0,77176,117537,0
112997,115062,building index: loading tuples,7168,5514,0,77208,117537,0
113093,115062,building index: loading tuples,7168,5517,0,77239,117537,0
113195,115062,building index: loading tuples,7168,5519,0,77272,117537,0
113292,115062,building index: loading tuples,7168,5521,0,77299,117537,0
113388,115062,building index: loading tuples,7168,5523,0,77332,117537,0
113491,115062,building index: loading tuples,7168,5525,0,77361,117537,0
113607,115062,building index: loading tuples,7168,5528,0,77392,117537,0
113718,115062,building index: loading tuples,7168,5530,0,77425,117537,0
113814,115062,building index: loading tuples,7168,5532,0,77461,117537,0
113911,115062,building index: loading tuples,7168,5535,0,77492,117537,0
114013,115062,building index: loading tuples,7168,5537,0,77521,117537,0
114117,115062,building index: loading tuples,7168,5539,0,77551,117537,0
114220,115062,building index: loading tuples,7168,5541,0,77582,117537,0
114321,115062,building index: loading tuples,7168,5543,0,77611,117537,0
114418,115062,building index: loading tuples,7168,5546,0,77645,117537,0
114528,115062,building index: loading tuples,7168,5547,0,77670,117537,0
114639,115062,building index: loading tuples,7168,5550,0,77705,117537,0
114751,115062,building index: loading tuples,7168,5552,0,77739,117537,0
114850,115062,building index: loading tuples,7168,5554,0,77765,117537,0
114946,115062,building index: loading tuples,7168,5556,0,77796,117537,0
115036,115062,building index: loading tuples,7168,5559,0,77828,117537,0
115128,115062,building index: loading tuples,7168,5561,0,77864,117537,0
115226,115062,building index: loading tuples,7168,5564,0,77896,117537,0
115322,115062,building index: loading tuples,7168,5566,0,77932,117537,0
115410,115062,building index: loading tuples,7168,5568,0,77963,117537,0
115506,115062,building index: loading tuples,7168,5570,0,77993,117537,0
115610,115062,building index: loading tuples,7168,5573,0,78026,117537,0
115704,115062,building index: loading tuples,7168,5575,0,78058,117537,0
115795,115062,building index: loading tuples,7168,5578,0,78095,117537,0
115915,115062,building index: loading tuples,7168,5580,0,78121,117537,0
116022,115062,building index: loading tuples,7168,5582,0,78155,117537,0
116116,115062,building index: loading tuples,7168,5585,0,78194,117537,0
116216,115062,building index: loading tuples,7168,5587,0,78223,117537,0
116312,115062,building index: loading tuples,7168,5589,0,78255,117537,0
116399,115062,building index: loading tuples,7168,5592,0,78288,117537,0
116497,115062,building index: loading tuples,7168,5594,0,78325,117537,0
116595,115062,building index: loading tuples,7168,5596,0,78356,117537,0
116687,115062,building index: loading tuples,7168,5599,0,78389,117537,0
116781,115062,building index: loading tuples,7168,5601,0,78420,117537,0
116891,115062,building index: loading tuples,7168,5603,0,78447,117537,0
116985,115062,building index: loading tuples,7168,5605,0,78483,117537,0
117116,115062,building index: loading tuples,7168,5609,0,78526,117537,0
117224,115062,building index: loading tuples,7168,5611,0,78558,117537,0
117324,115062,building index: loading tuples,7168,5613,0,78587,117537,0
117431,115062,building index: loading tuples,7168,5615,0,78619,117537,0
117532,115062,building index: loading tuples,7168,5618,0,78652,117537,0
117630,115062,building index: loading tuples,7168,5620,0,78685,117537,0
117726,115062,building index: loading tuples,7168,5622,0,78718,117537,0
117852,115062,building index: loading tuples,7168,5625,0,78753,117537,0
117944,115062,building index: loading tuples,7168,5628,0,78796,117537,0
118031,115062,building index: loading tuples,7168,5630,0,78825,117537,0
118130,115062,building index: loading tuples,7168,5632,0,78856,117537,0
118224,115062,building index: loading tuples,7168,5635,0,78891,117537,0
118318,115062,building index: loading tuples,7168,5637,0,78925,117537,0
118413,115062,building index: loading tuples,7168,5639,0,78957,117537,0
118508,115062,building index: loading tuples,7168,5642,0,78988,117537,0
118604,115062,building index: loading tuples,7168,5644,0,79020,117537,0
118706,115062,building index: loading tuples,7168,5646,0,79053,117537,0
118800,115062,building index: loading tuples,7168,5649,0,79086,117537,0
118896,115062,building index: loading tuples,7168,5651,0,79121,117537,0
118989,115062,building index: loading tuples,7168,5653,0,79155,117537,0
119082,115062,building index: loading tuples,7168,5656,0,79186,117537,0
119177,115062,building index: loading tuples,7168,5658,0,79221,117537,0
119274,115062,building index: loading tuples,7168,5661,0,79257,117537,0
119372,115062,building index: loading tuples,7168,5663,0,79292,117537,0
119472,115062,building index: loading tuples,7168,5666,0,79326,117537,0
119567,115062,building index: loading tuples,7168,5668,0,79359,117537,0
119660,115062,building index: loading tuples,7168,5671,0,79394,117537,0
119760,115062,building index: loading tuples,7168,5673,0,79430,117537,0
119857,115062,building index: loading tuples,7168,5676,0,79466,117537,0
119955,115062,building index: loading tuples,7168,5678,0,79499,117537,0
120049,115062,building index: loading tuples,7168,5680,0,79533,117537,0
120147,115062,building index: loading tuples,7168,5683,0,79571,117537,0
120240,115062,building index: loading tuples,7168,5686,0,79606,117537,0
120336,115062,building index: loading tuples,7168,5688,0,79641,117537,0
120433,115062,building index: loading tuples,7168,5691,0,79676,117537,0
120529,115062,building index: loading tuples,7168,5693,0,79712,117537,0
120622,115062,building index: loading tuples,7168,5696,0,79745,117537,0
120716,115062,building index: loading tuples,7168,5698,0,79778,117537,0
120812,115062,building index: loading tuples,7168,5701,0,79814,117537,0
120905,115062,building index: loading tuples,7168,5703,0,79850,117537,0
121001,115062,building index: loading tuples,7168,5706,0,79886,117537,0
121099,115062,building index: loading tuples,7168,5708,0,79920,117537,0
121194,115062,building index: loading tuples,7168,5710,0,79952,117537,0
121289,115062,building index: loading tuples,7168,5713,0,79986,117537,0
121387,115062,building index: loading tuples,7168,5715,0,80021,117537,0
121484,115062,building index: loading tuples,7168,5718,0,80061,117537,0
121581,115062,building index: loading tuples,7168,5721,0,80095,117537,0
121676,115062,building index: loading tuples,7168,5723,0,80126,117537,0
121768,115062,building index: loading tuples,7168,5725,0,80159,117537,0
121863,115062,building index: loading tuples,7168,5728,0,80194,117537,0
121960,115062,building index: loading tuples,7168,5730,0,80229,117537,0
122056,115062,building index: loading tuples,7168,5733,0,80262,117537,0
122154,115062,building index: loading tuples,7168,5735,0,80303,117537,0
122251,115062,building index: loading tuples,7168,5738,0,80336,117537,0
122347,115062,building index: loading tuples,7168,5741,0,80376,117537,0
122446,115062,building index: loading tuples,7168,5743,0,80410,117537,0
122544,115062,building index: loading tuples,7168,5745,0,80443,117537,0
122637,115062,building index: loading tuples,7168,5748,0,80475,117537,0
122732,115062,building index: loading tuples,7168,5750,0,80508,117537,0
122830,115062,building index: loading tuples,7168,5753,0,80542,117537,0
122925,115062,building index: loading tuples,7168,5755,0,80576,117537,0
123022,115062,building index: loading tuples,7168,5758,0,80613,117537,0
123115,115062,building index: loading tuples,7168,5760,0,80647,117537,0
123214,115062,building index: loading tuples,7168,5762,0,80678,117537,0
123311,115062,building index: loading tuples,7168,5765,0,80714,117537,0
123407,115062,building index: loading tuples,7168,5767,0,80751,117537,0
123501,115062,building index: loading tuples,7168,5770,0,80789,117537,0
123597,115062,building index: loading tuples,7168,5772,0,80820,117537,0
123692,115062,building index: loading tuples,7168,5775,0,80851,117537,0
123787,115062,building index: loading tuples,7168,5777,0,80887,117537,0
123885,115062,building index: loading tuples,7168,5780,0,80920,117537,0
123982,115062,building index: loading tuples,7168,5782,0,80952,117537,0
124072,115062,building index: loading tuples,7168,5784,0,80984,117537,0
124161,115062,building index: loading tuples,7168,5787,0,81020,117537,0
124256,115062,building index: loading tuples,7168,5789,0,81050,117537,0
124351,115062,building index: loading tuples,7168,5791,0,81082,117537,0
124458,115062,building index: loading tuples,7168,5794,0,81117,117537,0
124563,115062,building index: loading tuples,7168,5796,0,81147,117537,0
124668,115062,building index: loading tuples,7168,5798,0,81175,117537,0
124768,115062,building index: loading tuples,7168,5800,0,81206,117537,0
124864,115062,building index: loading tuples,7168,5802,0,81235,117537,0
124972,115062,building index: loading tuples,7168,5804,0,81267,117537,0
125079,115062,building index: loading tuples,7168,5806,0,81297,117537,0
125187,115062,building index: loading tuples,7168,5809,0,81328,117537,0
125285,115062,building index: loading tuples,7168,5811,0,81360,117537,0
125379,115062,building index: loading tuples,7168,5813,0,81393,117537,0
125470,115062,building index: loading tuples,7168,5816,0,81432,117537,0
125572,115062,building index: loading tuples,7168,5818,0,81456,117537,0
125675,115062,building index: loading tuples,7168,5820,0,81485,117537,0
125769,115062,building index: loading tuples,7168,5822,0,81519,117537,0
125860,115062,building index: loading tuples,7168,5825,0,81550,117537,0
125952,115062,building index: loading tuples,7168,5827,0,81580,117537,0
126045,115062,building index: loading tuples,7168,5829,0,81613,117537,0
126137,115062,building index: loading tuples,7168,5832,0,81650,117537,0
126222,115062,building index: loading tuples,7168,5834,0,81686,117537,0
126328,115062,building index: loading tuples,7168,5836,0,81713,117537,0
126421,115062,building index: loading tuples,7168,5838,0,81744,117537,0
126519,115062,building index: loading tuples,7168,5841,0,81776,117537,0
126625,115062,building index: loading tuples,7168,5843,0,81809,117537,0
126718,115062,building index: loading tuples,7168,5846,0,81845,117537,0
126808,115062,building index: loading tuples,7168,5849,0,81887,117537,0
126901,115062,building index: loading tuples,7168,5851,0,81918,117537,0
126994,115062,building index: loading tuples,7168,5853,0,81951,117537,0
127100,115062,building index: loading tuples,7168,5855,0,81982,117537,0
127196,115062,building index: loading tuples,7168,5858,0,82018,117537,0
127282,115062,building index: loading tuples,7168,5860,0,82050,117537,0
127377,115062,building index: loading tuples,7168,5862,0,82081,117537,0
127475,115062,building index: loading tuples,7168,5865,0,82113,117537,0
127573,115062,building index: loading tuples,7168,5867,0,82147,117537,0
127685,115062,building index: loading tuples,7168,5870,0,82181,117537,0
127794,115062,building index: loading tuples,7168,5872,0,82216,117537,0
127892,115062,building index: loading tuples,7168,5875,0,82251,117537,0
127985,115062,building index: loading tuples,7168,5877,0,82287,117537,0
128077,115062,building index: loading tuples,7168,5881,0,82334,117537,0
128172,115062,building index: loading tuples,7168,5882,0,82361,117537,0
128277,115062,building index: loading tuples,7168,5885,0,82394,117537,0
128373,115062,building index: loading tuples,7168,5887,0,82428,117537,0
128475,115062,building index: loading tuples,7168,5889,0,82458,117537,0
128568,115062,building index: loading tuples,7168,5892,0,82493,117537,0
128662,115062,building index: loading tuples,7168,5894,0,82527,117537,0
128765,115062,building index: loading tuples,7168,5897,0,82561,117537,0
128871,115062,building index: loading tuples,7168,5899,0,82593,117537,0
128969,115062,building index: loading tuples,7168,5901,0,82624,117537,0
129087,115062,building index: loading tuples,7168,5904,0,82668,117537,0
129183,115062,building index: loading tuples,7168,5907,0,82700,117537,0
129293,115062,building index: loading tuples,7168,5909,0,82737,117537,0
129388,115062,building index: loading tuples,7168,5912,0,82778,117537,0
129779,115062,building index: loading tuples,7168,5922,0,82911,117537,0
129873,115062,building index: loading tuples,7168,5924,0,82947,117537,0
129977,115062,building index: loading tuples,7168,5927,0,82981,117537,0
130073,115062,building index: loading tuples,7168,5929,0,83015,117537,0
130180,115062,building index: loading tuples,7168,5932,0,83052,117537,0
130271,115062,building index: loading tuples,7168,5934,0,83083,117537,0
130370,115062,building index: loading tuples,7168,5937,0,83118,117537,0
130482,115062,building index: loading tuples,7168,5939,0,83148,117537,0
130581,115062,building index: loading tuples,7168,5941,0,83182,117537,0
130675,115062,building index: loading tuples,7168,5944,0,83218,117537,0
130778,115062,building index: loading tuples,7168,5946,0,83252,117537,0
130871,115062,building index: loading tuples,7168,5949,0,83288,117537,0
130975,115062,building index: loading tuples,7168,5951,0,83320,117537,0
131071,115062,building index: loading tuples,7168,5953,0,83352,117537,0
131168,115062,building index: loading tuples,7168,5956,0,83386,117537,0
131261,115062,building index: loading tuples,7168,5958,0,83421,117537,0
131357,115062,building index: loading tuples,7168,5960,0,83449,117537,0
131463,115062,building index: loading tuples,7168,5963,0,83482,117537,0
131563,115062,building index: loading tuples,7168,5965,0,83515,117537,0
131659,115062,building index: loading tuples,7168,5967,0,83551,117537,0
131749,115062,building index: loading tuples,7168,5971,0,83595,117537,0
131833,115062,building index: loading tuples,7168,5973,0,83630,117537,0
131930,115062,building index: loading tuples,7168,5976,0,83665,117537,0
132028,115062,building index: loading tuples,7168,5978,0,83702,117537,0
132125,115062,building index: loading tuples,7168,5981,0,83739,117537,0
132217,115062,building index: loading tuples,7168,5983,0,83773,117537,0
132313,115062,building index: loading tuples,7168,5986,0,83811,117537,0
132409,115062,building index: loading tuples,7168,5989,0,83847,117537,0
132504,115062,building index: loading tuples,7168,5991,0,83885,117537,0
132595,115062,building index: loading tuples,7168,5994,0,83921,117537,0
132688,115062,building index: loading tuples,7168,5997,0,83959,117537,0
132783,115062,building index: loading tuples,7168,5999,0,83997,117537,0
132880,115062,building index: loading tuples,7168,6002,0,84037,117537,0
132979,115062,building index: loading tuples,7168,6005,0,84073,117537,0
133087,115062,building index: loading tuples,7168,6007,0,84107,117537,0
133184,115062,building index: loading tuples,7168,6010,0,84144,117537,0
133280,115062,building index: loading tuples,7168,6012,0,84176,117537,0
133375,115062,building index: loading tuples,7168,6014,0,84206,117537,0
133478,115062,building index: loading tuples,7168,6017,0,84238,117537,0
133580,115062,building index: loading tuples,7168,6019,0,84269,117537,0
133694,115062,building index: loading tuples,7168,6021,0,84301,117537,0
133789,115062,building index: loading tuples,7168,6023,0,84335,117537,0
133883,115062,building index: loading tuples,7168,6026,0,84366,117537,0
133980,115062,building index: loading tuples,7168,6028,0,84400,117537,0
134072,115062,building index: loading tuples,7168,6031,0,84435,117537,0
134168,115062,building index: loading tuples,7168,6033,0,84468,117537,0
134263,115062,building index: loading tuples,7168,6035,0,84503,117537,0
134356,115062,building index: loading tuples,7168,6038,0,84534,117537,0
134452,115062,building index: loading tuples,7168,6040,0,84566,117537,0
134549,115062,building index: loading tuples,7168,6042,0,84600,117537,0
134642,115062,building index: loading tuples,7168,6045,0,84630,117537,0
134735,115062,building index: loading tuples,7168,6047,0,84662,117537,0
134825,115062,building index: loading tuples,7168,6049,0,84694,117537,0
134926,115062,building index: loading tuples,7168,6051,0,84727,117537,0
135030,115062,building index: loading tuples,7168,6054,0,84762,117537,0
135131,115062,building index: loading tuples,7168,6056,0,84794,117537,0
135229,115062,building index: loading tuples,7168,6059,0,84827,117537,0
135322,115062,building index: loading tuples,7168,6061,0,84860,117537,0
135413,115062,building index: loading tuples,7168,6063,0,84895,117537,0
135529,115062,building index: loading tuples,7168,6066,0,84930,117537,0
135630,115062,building index: loading tuples,7168,6068,0,84963,117537,0
135733,115062,building index: loading tuples,7168,6071,0,84999,117537,0
135828,115062,building index: loading tuples,7168,6073,0,85034,117537,0
135925,115062,building index: loading tuples,7168,6075,0,85062,117537,0
136017,115062,building index: loading tuples,7168,6078,0,85100,117537,0
136119,115062,building index: loading tuples,7168,6080,0,85133,117537,0
136224,115062,building index: loading tuples,7168,6083,0,85165,117537,0
136318,115062,building index: loading tuples,7168,6085,0,85198,117537,0
136413,115062,building index: loading tuples,7168,6087,0,85230,117537,0
136503,115062,building index: loading tuples,7168,6090,0,85272,117537,0
136609,115062,building index: loading tuples,7168,6093,0,85305,117537,0
136720,115062,building index: loading tuples,7168,6095,0,85338,117537,0
136817,115062,building index: loading tuples,7168,6098,0,85373,117537,0
136918,115062,building index: loading tuples,7168,6100,0,85410,117537,0
137010,115062,building index: loading tuples,7168,6103,0,85449,117537,0
137117,115062,building index: loading tuples,7168,6105,0,85483,117537,0
137212,115062,building index: loading tuples,7168,6108,0,85525,117537,0
137305,115062,building index: loading tuples,7168,6111,0,85557,117537,0
137400,115062,building index: loading tuples,7168,6113,0,85592,117537,0
137502,115062,building index: loading tuples,7168,6116,0,85625,117537,0
137605,115062,building index: loading tuples,7168,6118,0,85656,117537,0
137719,115062,building index: loading tuples,7168,6120,0,85691,117537,0
137826,115062,building index: loading tuples,7168,6123,0,85722,117537,0
137930,115062,building index: loading tuples,7168,6125,0,85754,117537,0
138031,115062,building index: loading tuples,7168,6127,0,85784,117537,0
138137,115062,building index: loading tuples,7168,6129,0,85816,117537,0
138240,115062,building index: loading tuples,7168,6132,0,85852,117537,0
138359,115062,building index: loading tuples,7168,6134,0,85881,117537,0
138457,115062,building index: loading tuples,7168,6136,0,85916,117537,0
138548,115062,building index: loading tuples,7168,6139,0,85947,117537,0
138645,115062,building index: loading tuples,7168,6141,0,85981,117537,0
138754,115062,building index: loading tuples,7168,6144,0,86016,117537,0
138861,115062,building index: loading tuples,7168,6146,0,86045,117537,0
138962,115062,building index: loading tuples,7168,6148,0,86080,117537,0
139057,115062,building index: loading tuples,7168,6151,0,86114,117537,0
139149,115062,building index: loading tuples,7168,6153,0,86152,117537,0
139236,115062,building index: loading tuples,7168,6156,0,86193,117537,0
139342,115062,building index: loading tuples,7168,6158,0,86225,117537,0
139442,115062,building index: loading tuples,7168,6161,0,86258,117537,0
139537,115062,building index: loading tuples,7168,6163,0,86289,117537,0
139642,115062,building index: loading tuples,7168,6165,0,86319,117537,0
139748,115062,building index: loading tuples,7168,6168,0,86353,117537,0
139849,115062,building index: loading tuples,7168,6170,0,86386,117537,0
139957,115062,building index: loading tuples,7168,6172,0,86412,117537,0
140054,115062,building index: loading tuples,7168,6174,0,86446,117537,0
140149,115062,building index: loading tuples,7168,6177,0,86478,117537,0
140244,115062,building index: loading tuples,7168,6179,0,86515,117537,0
140336,115062,building index: loading tuples,7168,6182,0,86549,117537,0
140435,115062,building index: loading tuples,7168,6184,0,86582,117537,0
140537,115062,building index: loading tuples,7168,6186,0,86616,117537,0
140633,115062,building index: loading tuples,7168,6189,0,86650,117537,0
140733,115062,building index: loading tuples,7168,6191,0,86685,117537,0
140836,115062,building index: loading tuples,7168,6194,0,86725,117537,0
140945,115062,building index: loading tuples,7168,6197,0,86762,117537,0
141041,115062,building index: loading tuples,7168,6199,0,86796,117537,0
141145,115062,building index: loading tuples,7168,6202,0,86829,117537,0
141293,115062,building index: loading tuples,7168,6203,0,86855,117537,0
141396,115062,building index: loading tuples,7168,6206,0,86888,117537,0
141499,115062,building index: loading tuples,7168,6208,0,86916,117537,0
141595,115062,building index: loading tuples,7168,6210,0,86948,117537,0
141690,115062,building index: loading tuples,7168,6213,0,86984,117537,0
141790,115062,building index: loading tuples,7168,6215,0,87021,117537,0
141900,115062,building index: loading tuples,7168,6217,0,87051,117537,0
141987,115062,building index: loading tuples,7168,6220,0,87084,117537,0
142091,115062,building index: loading tuples,7168,6222,0,87117,117537,0
142190,115062,building index: loading tuples,7168,6224,0,87147,117537,0
142287,115062,building index: loading tuples,7168,6227,0,87183,117537,0
142404,115062,building index: loading tuples,7168,6229,0,87219,117537,0
142516,115062,building index: loading tuples,7168,6232,0,87253,117537,0
142620,115062,building index: loading tuples,7168,6234,0,87285,117537,0
142712,115062,building index: loading tuples,7168,6237,0,87322,117537,0
142814,115062,building index: loading tuples,7168,6239,0,87352,117537,0
142919,115062,building index: loading tuples,7168,6241,0,87384,117537,0
143014,115062,building index: loading tuples,7168,6243,0,87412,117537,0
143109,115062,building index: loading tuples,7168,6245,0,87443,117537,0
143208,115062,building index: loading tuples,7168,6248,0,87477,117537,0
143305,115062,building index: loading tuples,7168,6250,0,87508,117537,0
143398,115062,building index: loading tuples,7168,6253,0,87543,117537,0
143509,115062,building index: loading tuples,7168,6255,0,87578,117537,0
143609,115062,building index: loading tuples,7168,6258,0,87614,117537,0
143708,115062,building index: loading tuples,7168,6260,0,87651,117537,0
143810,115062,building index: loading tuples,7168,6262,0,87680,117537,0
143905,115062,building index: loading tuples,7168,6264,0,87708,117537,0
144008,115062,building index: loading tuples,7168,6267,0,87739,117537,0
144102,115062,building index: loading tuples,7168,6269,0,87770,117537,0
144200,115062,building index: loading tuples,7168,6271,0,87801,117537,0
144298,115062,building index: loading tuples,7168,6273,0,87832,117537,0
144395,115062,building index: loading tuples,7168,6276,0,87871,117537,0
144488,115062,building index: loading tuples,7168,6278,0,87905,117537,0
144587,115062,building index: loading tuples,7168,6281,0,87941,117537,0
144682,115062,building index: loading tuples,7168,6283,0,87971,117537,0
144778,115062,building index: loading tuples,7168,6286,0,88005,117537,0
144886,115062,building index: loading tuples,7168,6288,0,88037,117537,0
144981,115062,building index: loading tuples,7168,6291,0,88078,117537,0
145079,115062,building index: loading tuples,7168,6293,0,88106,117537,0
145182,115062,building index: loading tuples,7168,6295,0,88136,117537,0
145284,115062,building index: loading tuples,7168,6297,0,88167,117537,0
145389,115062,building index: loading tuples,7168,6300,0,88201,117537,0
145496,115062,building index: loading tuples,7168,6302,0,88235,117537,0
145596,115062,building index: loading tuples,7168,6305,0,88272,117537,0
145690,115062,building index: loading tuples,7168,6307,0,88304,117537,0
145788,115062,building index: loading tuples,7168,6309,0,88335,117537,0
145898,115062,building index: loading tuples,7168,6312,0,88370,117537,0
146007,115062,building index: loading tuples,7168,6314,0,88401,117537,0
146100,115062,building index: loading tuples,7168,6316,0,88431,117537,0
146191,115062,building index: loading tuples,7168,6318,0,88457,117537,0
146277,115062,building index: loading tuples,7168,6320,0,88490,117537,0
146373,115062,building index: loading tuples,7168,6323,0,88526,117537,0
146444,115062,building index: loading tuples,7168,6326,0,88567,117537,0
146558,115062,building index: loading tuples,7168,6328,0,88600,117537,0
146667,115062,building index: loading tuples,7168,6330,0,88627,117537,0
146764,115062,building index: loading tuples,7168,6333,0,88663,117537,0
146858,115062,building index: loading tuples,7168,6335,0,88697,117537,0
146968,115062,building index: loading tuples,7168,6337,0,88731,117537,0
147074,115062,building index: loading tuples,7168,6340,0,88765,117537,0
147173,115062,building index: loading tuples,7168,6342,0,88793,117537,0
147272,115062,building index: loading tuples,7168,6344,0,88822,117537,0
147367,115062,building index: loading tuples,7168,6346,0,88856,117537,0
147459,115062,building index: loading tuples,7168,6348,0,88884,117537,0
147550,115062,building index: loading tuples,7168,6351,0,88917,117537,0
147656,115062,building index: loading tuples,7168,6353,0,88952,117537,0
147752,115062,building index: loading tuples,7168,6356,0,88987,117537,0
147846,115062,building index: loading tuples,7168,6358,0,89016,117537,0
147951,115062,building index: loading tuples,7168,6360,0,89048,117537,0
148051,115062,building index: loading tuples,7168,6362,0,89078,117537,0
148143,115062,building index: loading tuples,7168,6365,0,89120,117537,0
148234,115062,building index: loading tuples,7168,6368,0,89159,117537,0
148329,115062,building index: loading tuples,7168,6370,0,89189,117537,0
148423,115062,building index: loading tuples,7168,6373,0,89222,117537,0
148523,115062,building index: loading tuples,7168,6375,0,89252,117537,0
148627,115062,building index: loading tuples,7168,6377,0,89285,117537,0
148723,115062,building index: loading tuples,7168,6379,0,89317,117537,0
148820,115062,building index: loading tuples,7168,6381,0,89347,117537,0
148914,115062,building index: loading tuples,7168,6384,0,89381,117537,0
149020,115062,building index: loading tuples,7168,6386,0,89415,117537,0
149118,115062,building index: loading tuples,7168,6389,0,89449,117537,0
149211,115062,building index: loading tuples,7168,6391,0,89474,117537,0
149314,115062,building index: loading tuples,7168,6393,0,89503,117537,0
149412,115062,building index: loading tuples,7168,6395,0,89536,117537,0
149504,115062,building index: loading tuples,7168,6397,0,89569,117537,0
149605,115062,building index: loading tuples,7168,6399,0,89599,117537,0
149713,115062,building index: loading tuples,7168,6402,0,89631,117537,0
149815,115062,building index: loading tuples,7168,6404,0,89664,117537,0
149916,115062,building index: loading tuples,7168,6407,0,89700,117537,0
150018,115062,building index: loading tuples,7168,6409,0,89739,117537,0
150109,115062,building index: loading tuples,7168,6412,0,89777,117537,0
150199,115062,building index: loading tuples,7168,6414,0,89805,117537,0
150292,115062,building index: loading tuples,7168,6417,0,89841,117537,0
150386,115062,building index: loading tuples,7168,6419,0,89871,117537,0
150483,115062,building index: loading tuples,7168,6421,0,89900,117537,0
150583,115062,building index: loading tuples,7168,6423,0,89931,117537,0
150691,115062,building index: loading tuples,7168,6426,0,89965,117537,0
150799,115062,building index: loading tuples,7168,6428,0,89995,117537,0
150910,115062,building index: loading tuples,7168,6430,0,90028,117537,0
151010,115062,building index: loading tuples,7168,6433,0,90063,117537,0
151103,115062,building index: loading tuples,7168,6435,0,90094,117537,0
151186,115062,building index: loading tuples,7168,6437,0,90123,117537,0
151268,115062,building index: loading tuples,7168,6439,0,90157,117537,0
151365,115062,building index: loading tuples,7168,6441,0,90184,117537,0
151464,115062,building index: loading tuples,7168,6443,0,90213,117537,0
151564,115062,building index: loading tuples,7168,6446,0,90247,117537,0
151668,115062,building index: loading tuples,7168,6448,0,90275,117537,0
151770,115062,building index: loading tuples,7168,6450,0,90306,117537,0
151873,115062,building index: loading tuples,7168,6452,0,90334,117537,0
151967,115062,building index: loading tuples,7168,6454,0,90363,117537,0
152066,115062,building index: loading tuples,7168,6456,0,90397,117537,0
152159,115062,building index: loading tuples,7168,6459,0,90438,117537,0
152262,115062,building index: loading tuples,7168,6461,0,90467,117537,0
152365,115062,building index: loading tuples,7168,6464,0,90497,117537,0
152468,115062,building index: loading tuples,7168,6466,0,90526,117537,0
152563,115062,building index: loading tuples,7168,6468,0,90559,117537,0
152659,115062,building index: loading tuples,7168,6470,0,90590,117537,0
152756,115062,building index: loading tuples,7168,6473,0,90632,117537,0
152837,115062,building index: loading tuples,7168,6476,0,90668,117537,0
152957,115062,building index: loading tuples,7168,6478,0,90701,117537,0
153062,115062,building index: loading tuples,7168,6481,0,90735,117537,0
153167,115062,building index: loading tuples,7168,6483,0,90766,117537,0
153272,115062,building index: loading tuples,7168,6485,0,90796,117537,0
153366,115062,building index: loading tuples,7168,6487,0,90830,117537,0
153460,115062,building index: loading tuples,7168,6490,0,90862,117537,0
153562,115062,building index: loading tuples,7168,6492,0,90892,117537,0
153659,115062,building index: loading tuples,7168,6494,0,90926,117537,0
153753,115062,building index: loading tuples,7168,6497,0,90962,117537,0
153863,115062,building index: loading tuples,7168,6499,0,90997,117537,0
153976,115062,building index: loading tuples,7168,6502,0,91037,117537,0
154093,115062,building index: loading tuples,7168,6504,0,91063,117537,0
154188,115062,building index: loading tuples,7168,6506,0,91096,117537,0
154287,115062,building index: loading tuples,7168,6509,0,91129,117537,0
154400,115062,building index: loading tuples,7168,6511,0,91158,117537,0
154495,115062,building index: loading tuples,7168,6513,0,91188,117537,0
154589,115062,building index: loading tuples,7168,6515,0,91219,117537,0
154687,115062,building index: loading tuples,7168,6518,0,91254,117537,0
154783,115062,building index: loading tuples,7168,6520,0,91283,117537,0
154880,115062,building index: loading tuples,7168,6523,0,91326,117537,0
154986,115062,building index: loading tuples,7168,6525,0,91357,117537,0
155100,115062,building index: loading tuples,7168,6527,0,91383,117537,0
155197,115062,building index: loading tuples,7168,6529,0,91415,117537,0
155290,115062,building index: loading tuples,7168,6532,0,91450,117537,0
155403,115062,building index: loading tuples,7168,6534,0,91487,117537,0
155516,115062,building index: loading tuples,7168,6536,0,91517,117537,0
155631,115062,building index: loading tuples,7168,6539,0,91547,117537,0
155726,115062,building index: loading tuples,7168,6541,0,91578,117537,0
155828,115062,building index: loading tuples,7168,6543,0,91610,117537,0
155942,115062,building index: loading tuples,7168,6545,0,91640,117537,0
156034,115062,building index: loading tuples,7168,6548,0,91678,117537,0
156130,115062,building index: loading tuples,7168,6550,0,91708,117537,0
156232,115062,building index: loading tuples,7168,6552,0,91740,117537,0
156331,115062,building index: loading tuples,7168,6554,0,91769,117537,0
156435,115062,building index: loading tuples,7168,6557,0,91801,117537,0
156528,115062,building index: loading tuples,7168,6559,0,91833,117537,0
156626,115062,building index: loading tuples,7168,6561,0,91864,117537,0
156727,115062,building index: loading tuples,7168,6563,0,91894,117537,0
156824,115062,building index: loading tuples,7168,6566,0,91924,117537,0
156933,115062,building index: loading tuples,7168,6568,0,91957,117537,0
157034,115062,building index: loading tuples,7168,6570,0,91984,117537,0
157132,115062,building index: loading tuples,7168,6572,0,92016,117537,0
157226,115062,building index: loading tuples,7168,6575,0,92050,117537,0
157324,115062,building index: loading tuples,7168,6577,0,92083,117537,0
157429,115062,building index: loading tuples,7168,6579,0,92111,117537,0
157522,115062,building index: loading tuples,7168,6582,0,92151,117537,0
157620,115062,building index: loading tuples,7168,6584,0,92181,117537,0
157731,115062,building index: loading tuples,7168,6586,0,92209,117537,0
157831,115062,building index: loading tuples,7168,6588,0,92241,117537,0
157935,115062,building index: loading tuples,7168,6591,0,92278,117537,0
158028,115062,building index: loading tuples,7168,6594,0,92326,117537,0
158179,115062,building index: loading tuples,7168,6597,0,92361,117537,0
158281,115062,building index: loading tuples,7168,6599,0,92389,117537,0
158385,115062,building index: loading tuples,7168,6601,0,92423,117537,0
158490,115062,building index: loading tuples,7168,6603,0,92453,117537,0
158578,115062,building index: loading tuples,7168,6606,0,92493,117537,0
158677,115062,building index: loading tuples,7168,6608,0,92524,117537,0
158787,115062,building index: loading tuples,7168,6611,0,92554,117537,0
158886,115062,building index: loading tuples,7168,6613,0,92585,117537,0
158989,115062,building index: loading tuples,7168,6615,0,92614,117537,0
159087,115062,building index: loading tuples,7168,6617,0,92646,117537,0
159184,115062,building index: loading tuples,7168,6619,0,92677,117537,0
159281,115062,building index: loading tuples,7168,6621,0,92704,117537,0
159376,115062,building index: loading tuples,7168,6624,0,92737,117537,0
159474,115062,building index: loading tuples,7168,6626,0,92769,117537,0
159576,115062,building index: loading tuples,7168,6628,0,92800,117537,0
159674,115062,building index: loading tuples,7168,6630,0,92830,117537,0
159767,115062,building index: loading tuples,7168,6633,0,92863,117537,0
159868,115062,building index: loading tuples,7168,6635,0,92900,117537,0
159967,115062,building index: loading tuples,7168,6637,0,92931,117537,0
160066,115062,building index: loading tuples,7168,6640,0,92960,117537,0
160177,115062,building index: loading tuples,7168,6642,0,92994,117537,0
160285,115062,building index: loading tuples,7168,6644,0,93029,117537,0
160389,115062,building index: loading tuples,7168,6647,0,93060,117537,0
160492,115062,building index: loading tuples,7168,6649,0,93096,117537,0
160602,115062,building index: loading tuples,7168,6651,0,93127,117537,0
160711,115062,building index: loading tuples,7168,6653,0,93155,117537,0
160816,115062,building index: loading tuples,7168,6656,0,93185,117537,0
160924,115062,building index: loading tuples,7168,6658,0,93218,117537,0
161023,115062,building index: loading tuples,7168,6660,0,93253,117537,0
161119,115062,building index: loading tuples,7168,6663,0,93291,117537,0
161217,115062,building index: loading tuples,7168,6665,0,93322,117537,0
161333,115062,building index: loading tuples,7168,6668,0,93356,117537,0
161436,115062,building index: loading tuples,7168,6670,0,93389,117537,0
161533,115062,building index: loading tuples,7168,6672,0,93421,117537,0
161630,115062,building index: loading tuples,7168,6675,0,93453,117537,0
161716,115062,building index: loading tuples,7168,6677,0,93485,117537,0
161814,115062,building index: loading tuples,7168,6680,0,93520,117537,0
161914,115062,building index: loading tuples,7168,6682,0,93550,117537,0
162009,115062,building index: loading tuples,7168,6684,0,93583,117537,0
162107,115062,building index: loading tuples,7168,6686,0,93616,117537,0
162196,115062,building index: loading tuples,7168,6689,0,93651,117537,0
162292,115062,building index: loading tuples,7168,6691,0,93682,117537,0
162384,115062,building index: loading tuples,7168,6694,0,93716,117537,0
162485,115062,building index: loading tuples,7168,6696,0,93749,117537,0
162578,115062,building index: loading tuples,7168,6698,0,93782,117537,0
162671,115062,building index: loading tuples,7168,6700,0,93813,117537,0
162766,115062,building index: loading tuples,7168,6703,0,93852,117537,0
162855,115062,building index: loading tuples,7168,6706,0,93884,117537,0
162954,115062,building index: loading tuples,7168,6708,0,93918,117537,0
163140,115062,building index: loading tuples,7168,6713,0,93983,117537,0
163233,115062,building index: loading tuples,7168,6715,0,94015,117537,0
163329,115062,building index: loading tuples,7168,6717,0,94049,117537,0
163427,115062,building index: loading tuples,7168,6720,0,94082,117537,0
163528,115062,building index: loading tuples,7168,6722,0,94113,117537,0
163626,115062,building index: loading tuples,7168,6724,0,94145,117537,0
163722,115062,building index: loading tuples,7168,6727,0,94179,117537,0
163816,115062,building index: loading tuples,7168,6729,0,94208,117537,0
163909,115062,building index: loading tuples,7168,6731,0,94243,117537,0
164005,115062,building index: loading tuples,7168,6733,0,94275,117537,0
164103,115062,building index: loading tuples,7168,6736,0,94308,117537,0
164199,115062,building index: loading tuples,7168,6738,0,94340,117537,0
164295,115062,building index: loading tuples,7168,6741,0,94379,117537,0
164388,115062,building index: loading tuples,7168,6744,0,94416,117537,0
164480,115062,building index: loading tuples,7168,6746,0,94451,117537,0
164574,115062,building index: loading tuples,7168,6748,0,94484,117537,0
164672,115062,building index: loading tuples,7168,6751,0,94519,117537,0
164769,115062,building index: loading tuples,7168,6753,0,94555,117537,0
164866,115062,building index: loading tuples,7168,6756,0,94585,117537,0
164968,115062,building index: loading tuples,7168,6758,0,94618,117537,0
165059,115062,building index: loading tuples,7168,6761,0,94656,117537,0
165158,115062,building index: loading tuples,7168,6763,0,94689,117537,0
165260,115062,building index: loading tuples,7168,6765,0,94723,117537,0
165366,115062,building index: loading tuples,7168,6768,0,94757,117537,0
165460,115062,building index: loading tuples,7168,6771,0,94796,117537,0
165553,115062,building index: loading tuples,7168,6773,0,94828,117537,0
165654,115062,building index: loading tuples,7168,6775,0,94861,117537,0
165748,115062,building index: loading tuples,7168,6778,0,94893,117537,0
165838,115062,building index: loading tuples,7168,6781,0,94936,117537,0
165927,115062,building index: loading tuples,7168,6783,0,94969,117537,0
166024,115062,building index: loading tuples,7168,6785,0,94999,117537,0
166147,115062,building index: loading tuples,7168,6788,0,95040,117537,0
166239,115062,building index: loading tuples,7168,6791,0,95077,117537,0
166332,115062,building index: loading tuples,7168,6793,0,95110,117537,0
166422,115062,building index: loading tuples,7168,6796,0,95144,117537,0
166514,115062,building index: loading tuples,7168,6798,0,95179,117537,0
166607,115062,building index: loading tuples,7168,6801,0,95214,117537,0
166700,115062,building index: loading tuples,7168,6803,0,95246,117537,0
166800,115062,building index: loading tuples,7168,6805,0,95277,117537,0
166899,115062,building index: loading tuples,7168,6807,0,95308,117537,0
167006,115062,building index: loading tuples,7168,6809,0,95336,117537,0
167107,115062,building index: loading tuples,7168,6811,0,95365,117537,0
167200,115062,building index: loading tuples,7168,6813,0,95395,117537,0
167294,115062,building index: loading tuples,7168,6816,0,95433,117537,0
167378,115062,building index: loading tuples,7168,6818,0,95460,117537,0
167471,115062,building index: loading tuples,7168,6820,0,95493,117537,0
167569,115062,building index: loading tuples,7168,6822,0,95521,117537,0
167666,115062,building index: loading tuples,7168,6825,0,95555,117537,0
167762,115062,building index: loading tuples,7168,6827,0,95587,117537,0
167868,115062,building index: loading tuples,7168,6830,0,95620,117537,0
167983,115062,building index: loading tuples,7168,6832,0,95653,117537,0
168085,115062,building index: loading tuples,7168,6834,0,95684,117537,0
168179,115062,building index: loading tuples,7168,6836,0,95716,117537,0
168272,115062,building index: loading tuples,7168,6839,0,95747,117537,0
168367,115062,building index: loading tuples,7168,6841,0,95782,117537,0
168463,115062,building index: loading tuples,7168,6843,0,95815,117537,0
168559,115062,building index: loading tuples,7168,6846,0,95845,117537,0
168659,115062,building index: loading tuples,7168,6848,0,95879,117537,0
168756,115062,building index: loading tuples,7168,6850,0,95910,117537,0
168849,115062,building index: loading tuples,7168,6852,0,95941,117537,0
168948,115062,building index: loading tuples,7168,6855,0,95977,117537,0
169045,115062,building index: loading tuples,7168,6857,0,96011,117537,0
169142,115062,building index: loading tuples,7168,6860,0,96043,117537,0
169238,115062,building index: loading tuples,7168,6862,0,96073,117537,0
169334,115062,building index: loading tuples,7168,6864,0,96105,117537,0
169428,115062,building index: loading tuples,7168,6866,0,96133,117537,0
169524,115062,building index: loading tuples,7168,6868,0,96165,117537,0
169622,115062,building index: loading tuples,7168,6871,0,96198,117537,0
169719,115062,building index: loading tuples,7168,6873,0,96229,117537,0
169818,115062,building index: loading tuples,7168,6876,0,96264,117537,0
169915,115062,building index: loading tuples,7168,6878,0,96296,117537,0
170010,115062,building index: loading tuples,7168,6880,0,96326,117537,0
170165,115062,building index: loading tuples,7168,6883,0,96375,117537,0
170256,115062,building index: loading tuples,7168,6886,0,96410,117537,0
170350,115062,building index: loading tuples,7168,6888,0,96441,117537,0
170451,115062,building index: loading tuples,7168,6891,0,96474,117537,0
170549,115062,building index: loading tuples,7168,6893,0,96504,117537,0
170647,115062,building index: loading tuples,7168,6895,0,96536,117537,0
170743,115062,building index: loading tuples,7168,6897,0,96569,117537,0
170841,115062,building index: loading tuples,7168,6899,0,96599,117537,0
170938,115062,building index: loading tuples,7168,6902,0,96633,117537,0
171039,115062,building index: loading tuples,7168,6904,0,96667,117537,0
171136,115062,building index: loading tuples,7168,6907,0,96699,117537,0
171237,115062,building index: loading tuples,7168,6909,0,96731,117537,0
171332,115062,building index: loading tuples,7168,6911,0,96762,117537,0
171433,115062,building index: loading tuples,7168,6913,0,96795,117537,0
171524,115062,building index: loading tuples,7168,6916,0,96829,117537,0
171620,115062,building index: loading tuples,7168,6918,0,96862,117537,0
171721,115062,building index: loading tuples,7168,6920,0,96893,117537,0
171818,115062,building index: loading tuples,7168,6923,0,96926,117537,0
171914,115062,building index: loading tuples,7168,6925,0,96959,117537,0
172085,115062,building index: loading tuples,7168,6930,0,97028,117537,0
172180,115062,building index: loading tuples,7168,6932,0,97060,117537,0
172276,115062,building index: loading tuples,7168,6935,0,97090,117537,0
172378,115062,building index: loading tuples,7168,6937,0,97125,117537,0
172478,115062,building index: loading tuples,7168,6939,0,97159,117537,0
172578,115062,building index: loading tuples,7168,6942,0,97193,117537,0
172674,115062,building index: loading tuples,7168,6944,0,97223,117537,0
172770,115062,building index: loading tuples,7168,6946,0,97255,117537,0
172863,115062,building index: loading tuples,7168,6949,0,97287,117537,0
172962,115062,building index: loading tuples,7168,6951,0,97319,117537,0
173062,115062,building index: loading tuples,7168,6953,0,97349,117537,0
173157,115062,building index: loading tuples,7168,6955,0,97380,117537,0
173251,115062,building index: loading tuples,7168,6957,0,97411,117537,0
173350,115062,building index: loading tuples,7168,6960,0,97440,117537,0
173446,115062,building index: loading tuples,7168,6962,0,97472,117537,0
173539,115062,building index: loading tuples,7168,6964,0,97509,117537,0
173633,115062,building index: loading tuples,7168,6967,0,97540,117537,0
173731,115062,building index: loading tuples,7168,6969,0,97572,117537,0
173824,115062,building index: loading tuples,7168,6971,0,97603,117537,0
173923,115062,building index: loading tuples,7168,6973,0,97635,117537,0
174022,115062,building index: loading tuples,7168,6976,0,97671,117537,0
174121,115062,building index: loading tuples,7168,6978,0,97703,117537,0
174218,115062,building index: loading tuples,7168,6980,0,97733,117537,0
174317,115062,building index: loading tuples,7168,6983,0,97764,117537,0
174414,115062,building index: loading tuples,7168,6985,0,97795,117537,0
174511,115062,building index: loading tuples,7168,6987,0,97827,117537,0
174609,115062,building index: loading tuples,7168,6989,0,97858,117537,0
174704,115062,building index: loading tuples,7168,6992,0,97890,117537,0
174802,115062,building index: loading tuples,7168,6994,0,97925,117537,0
174896,115062,building index: loading tuples,7168,6996,0,97953,117537,0
174991,115062,building index: loading tuples,7168,6998,0,97985,117537,0
175088,115062,building index: loading tuples,7168,7001,0,98017,117537,0
175186,115062,building index: loading tuples,7168,7003,0,98051,117537,0
175284,115062,building index: loading tuples,7168,7005,0,98080,117537,0
175379,115062,building index: loading tuples,7168,7008,0,98112,117537,0
175471,115062,building index: loading tuples,7168,7010,0,98145,117537,0
175569,115062,building index: loading tuples,7168,7012,0,98177,117537,0
175663,115062,building index: loading tuples,7168,7014,0,98208,117537,0
175757,115062,building index: loading tuples,7168,7017,0,98238,117537,0
175854,115062,building index: loading tuples,7168,7019,0,98271,117537,0
175957,115062,building index: loading tuples,7168,7021,0,98303,117537,0
176052,115062,building index: loading tuples,7168,7024,0,98338,117537,0
176153,115062,building index: loading tuples,7168,7026,0,98369,117537,0
176252,115062,building index: loading tuples,7168,7028,0,98399,117537,0
176349,115062,building index: loading tuples,7168,7030,0,98430,117537,0
176443,115062,building index: loading tuples,7168,7032,0,98461,117537,0
176537,115062,building index: loading tuples,7168,7035,0,98491,117537,0
176632,115062,building index: loading tuples,7168,7037,0,98524,117537,0
176726,115062,building index: loading tuples,7168,7039,0,98558,117537,0
176826,115062,building index: loading tuples,7168,7042,0,98593,117537,0
176925,115062,building index: loading tuples,7168,7044,0,98624,117537,0
177020,115062,building index: loading tuples,7168,7046,0,98655,117537,0
177116,115062,building index: loading tuples,7168,7049,0,98687,117537,0
177213,115062,building index: loading tuples,7168,7051,0,98720,117537,0
177306,115062,building index: loading tuples,7168,7053,0,98750,117537,0
177395,115062,building index: loading tuples,7168,7055,0,98781,117537,0
177491,115062,building index: loading tuples,7168,7058,0,98812,117537,0
177586,115062,building index: loading tuples,7168,7060,0,98844,117537,0
177677,115062,building index: loading tuples,7168,7062,0,98880,117537,0
177774,115062,building index: loading tuples,7168,7065,0,98913,117537,0
177871,115062,building index: loading tuples,7168,7067,0,98950,117537,0
177969,115062,building index: loading tuples,7168,7070,0,98983,117537,0
178062,115062,building index: loading tuples,7168,7072,0,99014,117537,0
178159,115062,building index: loading tuples,7168,7074,0,99046,117537,0
178259,115062,building index: loading tuples,7168,7077,0,99081,117537,0
178360,115062,building index: loading tuples,7168,7079,0,99114,117537,0
178456,115062,building index: loading tuples,7168,7081,0,99146,117537,0
178551,115062,building index: loading tuples,7168,7084,0,99176,117537,0
178644,115062,building index: loading tuples,7168,7086,0,99209,117537,0
178736,115062,building index: loading tuples,7168,7088,0,99243,117537,0
178831,115062,building index: loading tuples,7168,7091,0,99275,117537,0
178929,115062,building index: loading tuples,7168,7093,0,99309,117537,0
179027,115062,building index: loading tuples,7168,7095,0,99343,117537,0
179119,115062,building index: loading tuples,7168,7098,0,99376,117537,0
179211,115062,building index: loading tuples,7168,7100,0,99410,117537,0
179309,115062,building index: loading tuples,7168,7103,0,99444,117537,0
179401,115062,building index: loading tuples,7168,7105,0,99474,117537,0
179499,115062,building index: loading tuples,7168,7107,0,99511,117537,0
179599,115062,building index: loading tuples,7168,7110,0,99548,117537,0
179693,115062,building index: loading tuples,7168,7113,0,99583,117537,0
179789,115062,building index: loading tuples,7168,7115,0,99615,117537,0
179884,115062,building index: loading tuples,7168,7117,0,99646,117537,0
179984,115062,building index: loading tuples,7168,7119,0,99678,117537,0
180076,115062,building index: loading tuples,7168,7122,0,99710,117537,0
180172,115062,building index: loading tuples,7168,7124,0,99742,117537,0
180267,115062,building index: loading tuples,7168,7126,0,99772,117537,0
180364,115062,building index: loading tuples,7168,7128,0,99804,117537,0
180457,115062,building index: loading tuples,7168,7131,0,99837,117537,0
180551,115062,building index: loading tuples,7168,7133,0,99869,117537,0
180643,115062,building index: loading tuples,7168,7135,0,99901,117537,0
180737,115062,building index: loading tuples,7168,7138,0,99933,117537,0
180833,115062,building index: loading tuples,7168,7140,0,99965,117537,0
180927,115062,building index: loading tuples,7168,7142,0,99994,117537,0
181019,115062,building index: loading tuples,7168,7168,0,100000,117537,0
181115,115062,building index: loading tuples,7168,7168,0,100000,117537,0
