elapsed_ms,pid,phase,blocks_total,blocks_done,tuples_total,tuples_done,relid,index_relid
4,10039,building index: loading tuples,7168,4,0,59,123025,0
98,10039,building index: loading tuples,7168,28,0,394,123025,0
190,10039,building index: loading tuples,7168,46,0,649,123025,0
279,10039,building index: loading tuples,7168,62,0,869,123025,0
369,10039,building index: loading tuples,7168,77,0,1080,123025,0
458,10039,building index: loading tuples,7168,91,0,1275,123025,0
547,10039,building index: loading tuples,7168,105,0,1471,123025,0
637,10039,building index: loading tuples,7168,118,0,1653,123025,0
727,10039,building index: loading tuples,7168,131,0,1842,123025,0
816,10039,building index: loading tuples,7168,144,0,2025,123025,0
906,10039,building index: loading tuples,7168,156,0,2197,123025,0
996,10039,building index: loading tuples,7168,170,0,2380,123025,0
1085,10039,building index: loading tuples,7168,183,0,2562,123025,0
1176,10039,building index: loading tuples,7168,195,0,2736,123025,0
1267,10039,building index: loading tuples,7168,207,0,2908,123025,0
1357,10039,building index: loading tuples,7168,219,0,3077,123025,0
1445,10039,building index: loading tuples,7168,230,0,3233,123025,0
1534,10039,building index: loading tuples,7168,241,0,3387,123025,0
1624,10039,building index: loading tuples,7168,254,0,3563,123025,0
1715,10039,building index: loading tuples,7168,265,0,3720,123025,0
1805,10039,building index: loading tuples,7168,277,0,3890,123025,0
1894,10039,building index: loading tuples,7168,288,0,4032,123025,0
1971,10039,building index: loading tuples,7168,299,0,4192,123025,0
2060,10039,building index: loading tuples,7168,310,0,4344,123025,0
2150,10039,building index: loading tuples,7168,321,0,4501,123025,0
2239,10039,building index: loading tuples,7168,333,0,4668,123025,0
2329,10039,building index: loading tuples,7168,345,0,4832,123025,0
2417,10039,building index: loading tuples,7168,356,0,4988,123025,0
2508,10039,building index: loading tuples,7168,368,0,5159,123025,0
2602,10039,building index: loading tuples,7168,380,0,5325,123025,0
2695,10039,building index: loading tuples,7168,392,0,5494,123025,0
2786,10039,building index: loading tuples,7168,404,0,5663,123025,0
2877,10039,building index: loading tuples,7168,415,0,5814,123025,0
2968,10039,building index: loading tuples,7168,426,0,5975,123025,0
3063,10039,building index: loading tuples,7168,438,0,6143,123025,0
3152,10039,building index: loading tuples,7168,450,0,6314,123025,0
3244,10039,building index: loading tuples,7168,462,0,6472,123025,0
3336,10039,building index: loading tuples,7168,473,0,6626,123025,0
3431,10039,building index: loading tuples,7168,485,0,6792,123025,0
3522,10039,building index: loading tuples,7168,496,0,6948,123025,0
3613,10039,building index: loading tuples,7168,508,0,7113,123025,0
3703,10039,building index: loading tuples,7168,519,0,7278,123025,0
3794,10039,building index: loading tuples,7168,530,0,7430,123025,0
3883,10039,building index: loading tuples,7168,541,0,7574,123025,0
3976,10039,building index: loading tuples,7168,552,0,7728,123025,0
4067,10039,building index: loading tuples,7168,563,0,7884,123025,0
4157,10039,building index: loading tuples,7168,577,0,8080,123025,0
4251,10039,building index: loading tuples,7168,588,0,8239,123025,0
4341,10039,building index: loading tuples,7168,599,0,8388,123025,0
4433,10039,building index: loading tuples,7168,609,0,8533,123025,0
4523,10039,building index: loading tuples,7168,620,0,8683,123025,0
4614,10039,building index: loading tuples,7168,630,0,8829,123025,0
4705,10039,building index: loading tuples,7168,641,0,8978,123025,0
4796,10039,building index: loading tuples,7168,651,0,9116,123025,0
4885,10039,building index: loading tuples,7168,660,0,9253,123025,0
4977,10039,building index: loading tuples,7168,670,0,9390,123025,0
5067,10039,building index: loading tuples,7168,680,0,9527,123025,0
5155,10039,building index: loading tuples,7168,690,0,9662,123025,0
5246,10039,building index: loading tuples,7168,700,0,9805,123025,0
5344,10039,building index: loading tuples,7168,708,0,9920,123025,0
5437,10039,building index: loading tuples,7168,717,0,10041,123025,0
5529,10039,building index: loading tuples,7168,726,0,10167,123025,0
5621,10039,building index: loading tuples,7168,736,0,10316,123025,0
5712,10039,building index: loading tuples,7168,746,0,10454,123025,0
5801,10039,building index: loading tuples,7168,756,0,10594,123025,0
5889,10039,building index: loading tuples,7168,765,0,10723,123025,0
5980,10039,building index: loading tuples,7168,775,0,10861,123025,0
6071,10039,building index: loading tuples,7168,785,0,11001,123025,0
6160,10039,building index: loading tuples,7168,795,0,11139,123025,0
6254,10039,building index: loading tuples,7168,805,0,11277,123025,0
6350,10039,building index: loading tuples,7168,815,0,11417,123025,0
6447,10039,building index: loading tuples,7168,824,0,11542,123025,0
6538,10039,building index: loading tuples,7168,834,0,11682,123025,0
6630,10039,building index: loading tuples,7168,844,0,11824,123025,0
6719,10039,building index: loading tuples,7168,854,0,11961,123025,0
6811,10039,building index: loading tuples,7168,864,0,12096,123025,0
6902,10039,building index: loading tuples,7168,873,0,12225,123025,0
6994,10039,building index: loading tuples,7168,883,0,12365,123025,0
7084,10039,building index: loading tuples,7168,892,0,12501,123025,0
7174,10039,building index: loading tuples,7168,902,0,12637,123025,0
7269,10039,building index: loading tuples,7168,911,0,12764,123025,0
7413,10039,building index: loading tuples,7168,921,0,12903,123025,0
7508,10039,building index: loading tuples,7168,931,0,13039,123025,0
7600,10039,building index: loading tuples,7168,941,0,13177,123025,0
7688,10039,building index: loading tuples,7168,950,0,13307,123025,0
7777,10039,building index: loading tuples,7168,960,0,13442,123025,0
7866,10039,building index: loading tuples,7168,969,0,13573,123025,0
7956,10039,building index: loading tuples,7168,979,0,13709,123025,0
8046,10039,building index: loading tuples,7168,988,0,13843,123025,0
8136,10039,building index: loading tuples,7168,998,0,13976,123025,0
8227,10039,building index: loading tuples,7168,1007,0,14098,123025,0
8320,10039,building index: loading tuples,7168,1016,0,14230,123025,0
8414,10039,building index: loading tuples,7168,1025,0,14359,123025,0
8502,10039,building index: loading tuples,7168,1035,0,14490,123025,0
8594,10039,building index: loading tuples,7168,1044,0,14620,123025,0
8685,10039,building index: loading tuples,7168,1053,0,14750,123025,0
8775,10039,building index: loading tuples,7168,1062,0,14876,123025,0
8866,10039,building index: loading tuples,7168,1072,0,15011,123025,0
8960,10039,building index: loading tuples,7168,1081,0,15140,123025,0
9052,10039,building index: loading tuples,7168,1090,0,15263,123025,0
9144,10039,building index: loading tuples,7168,1099,0,15390,123025,0
9234,10039,building index: loading tuples,7168,1108,0,15524,123025,0
10484,10039,building index: loading tuples,7168,1238,0,17337,123025,0
10577,10039,building index: loading tuples,7168,1247,0,17460,123025,0
10667,10039,building index: loading tuples,7168,1256,0,17586,123025,0
10758,10039,building index: loading tuples,7168,1264,0,17709,123025,0
10849,10039,building index: loading tuples,7168,1273,0,17834,123025,0
10941,10039,building index: loading tuples,7168,1282,0,17953,123025,0
11030,10039,building index: loading tuples,7168,1290,0,18070,123025,0
11119,10039,building index: loading tuples,7168,1298,0,18180,123025,0
11215,10039,building index: loading tuples,7168,1307,0,18300,123025,0
11311,10039,building index: loading tuples,7168,1314,0,18404,123025,0
11404,10039,building index: loading tuples,7168,1323,0,18531,123025,0
11496,10039,building index: loading tuples,7168,1332,0,18649,123025,0
11586,10039,building index: loading tuples,7168,1340,0,18769,123025,0
11676,10039,building index: loading tuples,7168,1348,0,18885,123025,0
11770,10039,building index: loading tuples,7168,1358,0,19024,123025,0
11860,10039,building index: loading tuples,7168,1367,0,19144,123025,0
11952,10039,building index: loading tuples,7168,1376,0,19264,123025,0
12043,10039,building index: loading tuples,7168,1384,0,19381,123025,0
12141,10039,building index: loading tuples,7168,1393,0,19506,123025,0
12243,10039,building index: loading tuples,7168,1401,0,19625,123025,0
12333,10039,building index: loading tuples,7168,1410,0,19747,123025,0
12423,10039,building index: loading tuples,7168,1419,0,19868,123025,0
12510,10039,building index: loading tuples,7168,1427,0,19989,123025,0
12598,10039,building index: loading tuples,7168,1430,0,20027,123025,0
12686,10039,building index: loading tuples,7168,1430,0,20027,123025,0
12775,10039,building index: loading tuples,7168,1430,0,20027,123025,0
12863,10039,building index: loading tuples,7168,1430,0,20027,123025,0
12950,10039,building index: loading tuples,7168,1430,0,20027,123025,0
13043,10039,building index: loading tuples,7168,1433,0,20069,123025,0
13139,10039,building index: loading tuples,7168,1441,0,20183,123025,0
13233,10039,building index: loading tuples,7168,1448,0,20284,123025,0
13322,10039,building index: loading tuples,7168,1456,0,20396,123025,0
13414,10039,building index: loading tuples,7168,1465,0,20513,123025,0
13504,10039,building index: loading tuples,7168,1473,0,20632,123025,0
13596,10039,building index: loading tuples,7168,1482,0,20750,123025,0
13688,10039,building index: loading tuples,7168,1491,0,20874,123025,0
13779,10039,building index: loading tuples,7168,1500,0,21000,123025,0
13871,10039,building index: loading tuples,7168,1508,0,21122,123025,0
13963,10039,building index: loading tuples,7168,1517,0,21242,123025,0
14055,10039,building index: loading tuples,7168,1526,0,21364,123025,0
14146,10039,building index: loading tuples,7168,1534,0,21485,123025,0
14238,10039,building index: loading tuples,7168,1543,0,21608,123025,0
14331,10039,building index: loading tuples,7168,1551,0,21724,123025,0
14424,10039,building index: loading tuples,7168,1560,0,21846,123025,0
14514,10039,building index: loading tuples,7168,1569,0,21970,123025,0
14605,10039,building index: loading tuples,7168,1578,0,22101,123025,0
14696,10039,building index: loading tuples,7168,1587,0,22226,123025,0
14787,10039,building index: loading tuples,7168,1596,0,22347,123025,0
14879,10039,building index: loading tuples,7168,1605,0,22472,123025,0
14979,10039,building index: loading tuples,7168,1614,0,22599,123025,0
15071,10039,building index: loading tuples,7168,1621,0,22706,123025,0
15160,10039,building index: loading tuples,7168,1630,0,22820,123025,0
15252,10039,building index: loading tuples,7168,1638,0,22944,123025,0
15345,10039,building index: loading tuples,7168,1646,0,23055,123025,0
15438,10039,building index: loading tuples,7168,1655,0,23171,123025,0
15531,10039,building index: loading tuples,7168,1663,0,23287,123025,0
15623,10039,building index: loading tuples,7168,1671,0,23407,123025,0
15716,10039,building index: loading tuples,7168,1681,0,23545,123025,0
15806,10039,building index: loading tuples,7168,1691,0,23683,123025,0
15898,10039,building index: loading tuples,7168,1701,0,23822,123025,0
15990,10039,building index: loading tuples,7168,1711,0,23956,123025,0
16083,10039,building index: loading tuples,7168,1720,0,24088,123025,0
16175,10039,building index: loading tuples,7168,1730,0,24223,123025,0
16263,10039,building index: loading tuples,7168,1739,0,24356,123025,0
16355,10039,building index: loading tuples,7168,1749,0,24492,123025,0
16445,10039,building index: loading tuples,7168,1758,0,24620,123025,0
16537,10039,building index: loading tuples,7168,1775,0,24854,123025,0
16691,10039,building index: loading tuples,7168,1784,0,24978,123025,0
16782,10039,building index: loading tuples,7168,1793,0,25104,123025,0
16873,10039,building index: loading tuples,7168,1802,0,25230,123025,0
16964,10039,building index: loading tuples,7168,1811,0,25355,123025,0
17056,10039,building index: loading tuples,7168,1820,0,25486,123025,0
17149,10039,building index: loading tuples,7168,1829,0,25612,123025,0
17241,10039,building index: loading tuples,7168,1838,0,25737,123025,0
17333,10039,building index: loading tuples,7168,1847,0,25861,123025,0
17424,10039,building index: loading tuples,7168,1857,0,26003,123025,0
17515,10039,building index: loading tuples,7168,1866,0,26130,123025,0
17603,10039,building index: loading tuples,7168,1876,0,26271,123025,0
17688,10039,building index: loading tuples,7168,1885,0,26400,123025,0
17779,10039,building index: loading tuples,7168,1894,0,26527,123025,0
17869,10039,building index: loading tuples,7168,1903,0,26651,123025,0
17963,10039,building index: loading tuples,7168,1912,0,26782,123025,0
18054,10039,building index: loading tuples,7168,1922,0,26911,123025,0
18146,10039,building index: loading tuples,7168,1931,0,27037,123025,0
18237,10039,building index: loading tuples,7168,1940,0,27164,123025,0
18328,10039,building index: loading tuples,7168,1949,0,27292,123025,0
18419,10039,building index: loading tuples,7168,1958,0,27420,123025,0
18510,10039,building index: loading tuples,7168,1967,0,27540,123025,0
18605,10039,building index: loading tuples,7168,1976,0,27668,123025,0
18696,10039,building index: loading tuples,7168,1985,0,27803,123025,0
18787,10039,building index: loading tuples,7168,1995,0,27934,123025,0
18880,10039,building index: loading tuples,7168,2004,0,28060,123025,0
18971,10039,building index: loading tuples,7168,2013,0,28191,123025,0
19071,10039,building index: loading tuples,7168,2022,0,28317,123025,0
19160,10039,building index: loading tuples,7168,2031,0,28437,123025,0
19249,10039,building index: loading tuples,7168,2040,0,28562,123025,0
19343,10039,building index: loading tuples,7168,2048,0,28685,123025,0
19435,10039,building index: loading tuples,7168,2057,0,28804,123025,0
19528,10039,building index: loading tuples,7168,2071,0,29000,123025,0
19679,10039,building index: loading tuples,7168,2080,0,29127,123025,0
19776,10039,building index: loading tuples,7168,2089,0,29259,123025,0
19868,10039,building index: loading tuples,7168,2099,0,29386,123025,0
19957,10039,building index: loading tuples,7168,2108,0,29512,123025,0
20049,10039,building index: loading tuples,7168,2117,0,29647,123025,0
20140,10039,building index: loading tuples,7168,2126,0,29773,123025,0
20231,10039,building index: loading tuples,7168,2136,0,29908,123025,0
20324,10039,building index: loading tuples,7168,2146,0,30056,123025,0
20418,10039,building index: loading tuples,7168,2157,0,30207,123025,0
20512,10039,building index: loading tuples,7168,2167,0,30350,123025,0
20602,10039,building index: loading tuples,7168,2177,0,30481,123025,0
20695,10039,building index: loading tuples,7168,2186,0,30608,123025,0
20776,10039,building index: loading tuples,7168,2195,0,30734,123025,0
20869,10039,building index: loading tuples,7168,2204,0,30866,123025,0
20966,10039,building index: loading tuples,7168,2213,0,30989,123025,0
21057,10039,building index: loading tuples,7168,2221,0,31107,123025,0
21155,10039,building index: loading tuples,7168,2230,0,31228,123025,0
21254,10039,building index: loading tuples,7168,2239,0,31354,123025,0
21353,10039,building index: loading tuples,7168,2248,0,31484,123025,0
21445,10039,building index: loading tuples,7168,2258,0,31614,123025,0
21540,10039,building index: loading tuples,7168,2266,0,31732,123025,0
21633,10039,building index: loading tuples,7168,2275,0,31853,123025,0
21728,10039,building index: loading tuples,7168,2283,0,31969,123025,0
21823,10039,building index: loading tuples,7168,2291,0,32086,123025,0
21916,10039,building index: loading tuples,7168,2300,0,32202,123025,0
22006,10039,building index: loading tuples,7168,2308,0,32318,123025,0
22095,10039,building index: loading tuples,7168,2316,0,32431,123025,0
22185,10039,building index: loading tuples,7168,2324,0,32540,123025,0
22281,10039,building index: loading tuples,7168,2332,0,32651,123025,0
22375,10039,building index: loading tuples,7168,2340,0,32763,123025,0
22502,10039,building index: loading tuples,7168,2351,0,32925,123025,0
22593,10039,building index: loading tuples,7168,2360,0,33041,123025,0
22683,10039,building index: loading tuples,7168,2368,0,33153,123025,0
22773,10039,building index: loading tuples,7168,2376,0,33268,123025,0
22863,10039,building index: loading tuples,7168,2383,0,33375,123025,0
22953,10039,building index: loading tuples,7168,2392,0,33488,123025,0
23043,10039,building index: loading tuples,7168,2399,0,33598,123025,0
23135,10039,building index: loading tuples,7168,2408,0,33714,123025,0
23229,10039,building index: loading tuples,7168,2415,0,33822,123025,0
23322,10039,building index: loading tuples,7168,2424,0,33940,123025,0
23415,10039,building index: loading tuples,7168,2432,0,34057,123025,0
23507,10039,building index: loading tuples,7168,2441,0,34174,123025,0
23598,10039,building index: loading tuples,7168,2449,0,34292,123025,0
23692,10039,building index: loading tuples,7168,2457,0,34402,123025,0
23783,10039,building index: loading tuples,7168,2465,0,34511,123025,0
23873,10039,building index: loading tuples,7168,2472,0,34621,123025,0
23964,10039,building index: loading tuples,7168,2481,0,34734,123025,0
24057,10039,building index: loading tuples,7168,2489,0,34850,123025,0
24150,10039,building index: loading tuples,7168,2497,0,34967,123025,0
24243,10039,building index: loading tuples,7168,2505,0,35080,123025,0
24334,10039,building index: loading tuples,7168,2513,0,35187,123025,0
24426,10039,building index: loading tuples,7168,2521,0,35295,123025,0
24518,10039,building index: loading tuples,7168,2529,0,35413,123025,0
24607,10039,building index: loading tuples,7168,2537,0,35531,123025,0
24699,10039,building index: loading tuples,7168,2545,0,35640,123025,0
24791,10039,building index: loading tuples,7168,2553,0,35752,123025,0
24883,10039,building index: loading tuples,7168,2561,0,35865,123025,0
24975,10039,building index: loading tuples,7168,2569,0,35979,123025,0
25066,10039,building index: loading tuples,7168,2578,0,36095,123025,0
25158,10039,building index: loading tuples,7168,2587,0,36220,123025,0
25251,10039,building index: loading tuples,7168,2596,0,36348,123025,0
25343,10039,building index: loading tuples,7168,2604,0,36466,123025,0
25435,10039,building index: loading tuples,7168,2613,0,36588,123025,0
25530,10039,building index: loading tuples,7168,2621,0,36703,123025,0
25621,10039,building index: loading tuples,7168,2630,0,36821,123025,0
25717,10039,building index: loading tuples,7168,2638,0,36938,123025,0
25807,10039,building index: loading tuples,7168,2646,0,37053,123025,0
25896,10039,building index: loading tuples,7168,2655,0,37171,123025,0
25987,10039,building index: loading tuples,7168,2662,0,37281,123025,0
26081,10039,building index: loading tuples,7168,2671,0,37394,123025,0
26172,10039,building index: loading tuples,7168,2678,0,37499,123025,0
26264,10039,building index: loading tuples,7168,2686,0,37616,123025,0
26354,10039,building index: loading tuples,7168,2697,0,37769,123025,0
26444,10039,building index: loading tuples,7168,2709,0,37926,123025,0
26535,10039,building index: loading tuples,7168,2719,0,38079,123025,0
26625,10039,building index: loading tuples,7168,2731,0,38236,123025,0
26722,10039,building index: loading tuples,7168,2741,0,38387,123025,0
26812,10039,building index: loading tuples,7168,2753,0,38547,123025,0
26904,10039,building index: loading tuples,7168,2763,0,38687,123025,0
26995,10039,building index: loading tuples,7168,2775,0,38855,123025,0
27086,10039,building index: loading tuples,7168,2787,0,39023,123025,0
27175,10039,building index: loading tuples,7168,2798,0,39179,123025,0
27267,10039,building index: loading tuples,7168,2810,0,39341,123025,0
27363,10039,building index: loading tuples,7168,2822,0,39511,123025,0
27457,10039,building index: loading tuples,7168,2832,0,39659,123025,0
28411,10039,building index: loading tuples,7168,2926,0,40972,123025,0
28503,10039,building index: loading tuples,7168,2936,0,41114,123025,0
28595,10039,building index: loading tuples,7168,2946,0,41246,123025,0
28688,10039,building index: loading tuples,7168,2955,0,41373,123025,0
28780,10039,building index: loading tuples,7168,2963,0,41494,123025,0
28872,10039,building index: loading tuples,7168,2974,0,41636,123025,0
28963,10039,building index: loading tuples,7168,2983,0,41770,123025,0
29054,10039,building index: loading tuples,7168,2992,0,41899,123025,0
29143,10039,building index: loading tuples,7168,3001,0,42026,123025,0
29236,10039,building index: loading tuples,7168,3010,0,42147,123025,0
29328,10039,building index: loading tuples,7168,3019,0,42274,123025,0
29418,10039,building index: loading tuples,7168,3028,0,42398,123025,0
29510,10039,building index: loading tuples,7168,3037,0,42530,123025,0
29602,10039,building index: loading tuples,7168,3046,0,42656,123025,0
29696,10039,building index: loading tuples,7168,3056,0,42791,123025,0
29789,10039,building index: loading tuples,7168,3065,0,42922,123025,0
29881,10039,building index: loading tuples,7168,3074,0,43049,123025,0
29978,10039,building index: loading tuples,7168,3083,0,43165,123025,0
30069,10039,building index: loading tuples,7168,3091,0,43287,123025,0
30159,10039,building index: loading tuples,7168,3100,0,43410,123025,0
30251,10039,building index: loading tuples,7168,3109,0,43533,123025,0
30341,10039,building index: loading tuples,7168,3118,0,43657,123025,0
30435,10039,building index: loading tuples,7168,3127,0,43778,123025,0
30524,10039,building index: loading tuples,7168,3135,0,43902,123025,0
30612,10039,building index: loading tuples,7168,3181,0,44546,123025,0
31071,10039,building index: loading tuples,7168,3190,0,44666,123025,0
31164,10039,building index: loading tuples,7168,3198,0,44780,123025,0
31257,10039,building index: loading tuples,7168,3207,0,44904,123025,0
31349,10039,building index: loading tuples,7168,3215,0,45016,123025,0
31444,10039,building index: loading tuples,7168,3224,0,45144,123025,0
31535,10039,building index: loading tuples,7168,3233,0,45265,123025,0
31630,10039,building index: loading tuples,7168,3241,0,45380,123025,0
31723,10039,building index: loading tuples,7168,3250,0,45506,123025,0
31813,10039,building index: loading tuples,7168,3259,0,45627,123025,0
31905,10039,building index: loading tuples,7168,3267,0,45749,123025,0
31996,10039,building index: loading tuples,7168,3276,0,45872,123025,0
32087,10039,building index: loading tuples,7168,3285,0,45999,123025,0
32182,10039,building index: loading tuples,7168,3294,0,46129,123025,0
32273,10039,building index: loading tuples,7168,3304,0,46256,123025,0
32367,10039,building index: loading tuples,7168,3312,0,46380,123025,0
32459,10039,building index: loading tuples,7168,3322,0,46512,123025,0
32552,10039,building index: loading tuples,7168,3330,0,46628,123025,0
32643,10039,building index: loading tuples,7168,3339,0,46752,123025,0
32738,10039,building index: loading tuples,7168,3348,0,46877,123025,0
32828,10039,building index: loading tuples,7168,3357,0,47000,123025,0
32920,10039,building index: loading tuples,7168,3366,0,47128,123025,0
33010,10039,building index: loading tuples,7168,3375,0,47253,123025,0
33100,10039,building index: loading tuples,7168,3384,0,47377,123025,0
33193,10039,building index: loading tuples,7168,3392,0,47492,123025,0
33285,10039,building index: loading tuples,7168,3400,0,47610,123025,0
33377,10039,building index: loading tuples,7168,3408,0,47720,123025,0
33469,10039,building index: loading tuples,7168,3417,0,47838,123025,0
33561,10039,building index: loading tuples,7168,3439,0,48151,123025,0
33802,10039,building index: loading tuples,7168,3447,0,48267,123025,0
33891,10039,building index: loading tuples,7168,3456,0,48386,123025,0
33985,10039,building index: loading tuples,7168,3465,0,48512,123025,0
34077,10039,building index: loading tuples,7168,3473,0,48623,123025,0
34167,10039,building index: loading tuples,7168,3481,0,48743,123025,0
34257,10039,building index: loading tuples,7168,3490,0,48865,123025,0
34355,10039,building index: loading tuples,7168,3498,0,48981,123025,0
34445,10039,building index: loading tuples,7168,3507,0,49099,123025,0
34537,10039,building index: loading tuples,7168,3515,0,49215,123025,0
34628,10039,building index: loading tuples,7168,3523,0,49333,123025,0
34718,10039,building index: loading tuples,7168,3532,0,49448,123025,0
34808,10039,building index: loading tuples,7168,3539,0,49557,123025,0
34899,10039,building index: loading tuples,7168,3548,0,49680,123025,0
34989,10039,building index: loading tuples,7168,3557,0,49805,123025,0
35081,10039,building index: loading tuples,7168,3566,0,49924,123025,0
35170,10039,building index: loading tuples,7168,3575,0,50052,123025,0
35260,10039,building index: loading tuples,7168,3584,0,50189,123025,0
35352,10039,building index: loading tuples,7168,3593,0,50303,123025,0
35444,10039,building index: loading tuples,7168,3601,0,50420,123025,0
35533,10039,building index: loading tuples,7168,3609,0,50529,123025,0
35620,10039,building index: loading tuples,7168,3618,0,50652,123025,0
35712,10039,building index: loading tuples,7168,3627,0,50785,123025,0
35804,10039,building index: loading tuples,7168,3637,0,50921,123025,0
35895,10039,building index: loading tuples,7168,3646,0,51049,123025,0
35986,10039,building index: loading tuples,7168,3655,0,51182,123025,0
36078,10039,building index: loading tuples,7168,3661,0,51258,123025,0
36169,10039,building index: loading tuples,7168,3661,0,51258,123025,0
36257,10039,building index: loading tuples,7168,3661,0,51258,123025,0
36349,10039,building index: loading tuples,7168,3661,0,51258,123025,0
36439,10039,building index: loading tuples,7168,3661,0,51258,123025,0
36530,10039,building index: loading tuples,7168,3663,0,51290,123025,0
36619,10039,building index: loading tuples,7168,3666,0,51330,123025,0
36709,10039,building index: loading tuples,7168,3669,0,51369,123025,0
36799,10039,building index: loading tuples,7168,3672,0,51414,123025,0
36888,10039,building index: loading tuples,7168,3675,0,51456,123025,0
36975,10039,building index: loading tuples,7168,3678,0,51496,123025,0
37065,10039,building index: loading tuples,7168,3681,0,51542,123025,0
37153,10039,building index: loading tuples,7168,3684,0,51584,123025,0
37243,10039,building index: loading tuples,7168,3687,0,51625,123025,0
37335,10039,building index: loading tuples,7168,3690,0,51671,123025,0
37426,10039,building index: loading tuples,7168,3694,0,51716,123025,0
37517,10039,building index: loading tuples,7168,3697,0,51760,123025,0
37608,10039,building index: loading tuples,7168,3699,0,51798,123025,0
37701,10039,building index: loading tuples,7168,3702,0,51838,123025,0
37792,10039,building index: loading tuples,7168,3705,0,51878,123025,0
37883,10039,building index: loading tuples,7168,3708,0,51919,123025,0
37974,10039,building index: loading tuples,7168,3711,0,51961,123025,0
38063,10039,building index: loading tuples,7168,3714,0,51999,123025,0
38156,10039,building index: loading tuples,7168,3717,0,52038,123025,0
38249,10039,building index: loading tuples,7168,3719,0,52077,123025,0
38341,10039,building index: loading tuples,7168,3722,0,52117,123025,0
38432,10039,building index: loading tuples,7168,3725,0,52157,123025,0
38521,10039,building index: loading tuples,7168,3728,0,52200,123025,0
38684,10039,building index: loading tuples,7168,3733,0,52273,123025,0
38775,10039,building index: loading tuples,7168,3736,0,52315,123025,0
38864,10039,building index: loading tuples,7168,3740,0,52360,123025,0
38951,10039,building index: loading tuples,7168,3743,0,52403,123025,0
39042,10039,building index: loading tuples,7168,3745,0,52442,123025,0
39136,10039,building index: loading tuples,7168,3749,0,52487,123025,0
39227,10039,building index: loading tuples,7168,3751,0,52527,123025,0
39317,10039,building index: loading tuples,7168,3754,0,52568,123025,0
39409,10039,building index: loading tuples,7168,3757,0,52610,123025,0
39496,10039,building index: loading tuples,7168,3760,0,52651,123025,0
39584,10039,building index: loading tuples,7168,3763,0,52691,123025,0
39674,10039,building index: loading tuples,7168,3766,0,52730,123025,0
39762,10039,building index: loading tuples,7168,3769,0,52771,123025,0
39852,10039,building index: loading tuples,7168,3772,0,52810,123025,0
39940,10039,building index: loading tuples,7168,3774,0,52848,123025,0
40029,10039,building index: loading tuples,7168,3777,0,52886,123025,0
40120,10039,building index: loading tuples,7168,3780,0,52925,123025,0
40214,10039,building index: loading tuples,7168,3783,0,52966,123025,0
40305,10039,building index: loading tuples,7168,3786,0,53008,123025,0
40397,10039,building index: loading tuples,7168,3789,0,53049,123025,0
40488,10039,building index: loading tuples,7168,3791,0,53087,123025,0
40580,10039,building index: loading tuples,7168,3794,0,53126,123025,0
41250,10039,building index: loading tuples,7168,3817,0,53442,123025,0
41343,10039,building index: loading tuples,7168,3820,0,53484,123025,0
41435,10039,building index: loading tuples,7168,3823,0,53528,123025,0
41526,10039,building index: loading tuples,7168,3826,0,53573,123025,0
41615,10039,building index: loading tuples,7168,3830,0,53620,123025,0
41706,10039,building index: loading tuples,7168,3833,0,53663,123025,0
41794,10039,building index: loading tuples,7168,3836,0,53710,123025,0
41883,10039,building index: loading tuples,7168,3839,0,53752,123025,0
41973,10039,building index: loading tuples,7168,3842,0,53795,123025,0
42063,10039,building index: loading tuples,7168,3845,0,53838,123025,0
42155,10039,building index: loading tuples,7168,3848,0,53881,123025,0
42244,10039,building index: loading tuples,7168,3851,0,53921,123025,0
42335,10039,building index: loading tuples,7168,3854,0,53961,123025,0
42427,10039,building index: loading tuples,7168,3857,0,54002,123025,0
42517,10039,building index: loading tuples,7168,3860,0,54045,123025,0
42613,10039,building index: loading tuples,7168,3863,0,54087,123025,0
42707,10039,building index: loading tuples,7168,3866,0,54133,123025,0
42797,10039,building index: loading tuples,7168,3869,0,54170,123025,0
42888,10039,building index: loading tuples,7168,3872,0,54209,123025,0
42979,10039,building index: loading tuples,7168,3875,0,54251,123025,0
43071,10039,building index: loading tuples,7168,3877,0,54292,123025,0
43163,10039,building index: loading tuples,7168,3880,0,54332,123025,0
43255,10039,building index: loading tuples,7168,3884,0,54376,123025,0
43346,10039,building index: loading tuples,7168,3887,0,54421,123025,0
43435,10039,building index: loading tuples,7168,3890,0,54467,123025,0
43528,10039,building index: loading tuples,7168,3893,0,54509,123025,0
43619,10039,building index: loading tuples,7168,3896,0,54552,123025,0
43713,10039,building index: loading tuples,7168,3899,0,54595,123025,0
43804,10039,building index: loading tuples,7168,3902,0,54637,123025,0
43894,10039,building index: loading tuples,7168,3905,0,54680,123025,0
43985,10039,building index: loading tuples,7168,3908,0,54725,123025,0
44076,10039,building index: loading tuples,7168,3912,0,54770,123025,0
44174,10039,building index: loading tuples,7168,3914,0,54809,123025,0
44268,10039,building index: loading tuples,7168,3918,0,54852,123025,0
44359,10039,building index: loading tuples,7168,3921,0,54894,123025,0
44450,10039,building index: loading tuples,7168,3924,0,54943,123025,0
44551,10039,building index: loading tuples,7168,3927,0,54987,123025,0
44642,10039,building index: loading tuples,7168,3930,0,55031,123025,0
44733,10039,building index: loading tuples,7168,3933,0,55071,123025,0
44823,10039,building index: loading tuples,7168,3936,0,55111,123025,0
44913,10039,building index: loading tuples,7168,3939,0,55155,123025,0
45006,10039,building index: loading tuples,7168,3942,0,55197,123025,0
45098,10039,building index: loading tuples,7168,3945,0,55239,123025,0
45189,10039,building index: loading tuples,7168,3948,0,55279,123025,0
45281,10039,building index: loading tuples,7168,3951,0,55320,123025,0
45372,10039,building index: loading tuples,7168,3954,0,55356,123025,0
45465,10039,building index: loading tuples,7168,3956,0,55397,123025,0
45555,10039,building index: loading tuples,7168,3959,0,55434,123025,0
45647,10039,building index: loading tuples,7168,3962,0,55473,123025,0
45738,10039,building index: loading tuples,7168,3965,0,55514,123025,0
45835,10039,building index: loading tuples,7168,3968,0,55561,123025,0
45927,10039,building index: loading tuples,7168,3971,0,55604,123025,0
46020,10039,building index: loading tuples,7168,3974,0,55646,123025,0
46110,10039,building index: loading tuples,7168,3977,0,55689,123025,0
46202,10039,building index: loading tuples,7168,3980,0,55732,123025,0
46294,10039,building index: loading tuples,7168,3983,0,55774,123025,0
46386,10039,building index: loading tuples,7168,3986,0,55816,123025,0
46477,10039,building index: loading tuples,7168,3989,0,55857,123025,0
46567,10039,building index: loading tuples,7168,3993,0,55902,123025,0
46658,10039,building index: loading tuples,7168,3995,0,55942,123025,0
46751,10039,building index: loading tuples,7168,3998,0,55983,123025,0
46843,10039,building index: loading tuples,7168,4001,0,56023,123025,0
46936,10039,building index: loading tuples,7168,4004,0,56061,123025,0
47025,10039,building index: loading tuples,7168,4007,0,56101,123025,0
47116,10039,building index: loading tuples,7168,4010,0,56146,123025,0
47207,10039,building index: loading tuples,7168,4013,0,56188,123025,0
47297,10039,building index: loading tuples,7168,4016,0,56235,123025,0
47388,10039,building index: loading tuples,7168,4019,0,56279,123025,0
47477,10039,building index: loading tuples,7168,4023,0,56324,123025,0
47569,10039,building index: loading tuples,7168,4026,0,56368,123025,0
47659,10039,building index: loading tuples,7168,4029,0,56410,123025,0
47746,10039,building index: loading tuples,7168,4032,0,56459,123025,0
47836,10039,building index: loading tuples,7168,4036,0,56508,123025,0
47927,10039,building index: loading tuples,7168,4039,0,56553,123025,0
48016,10039,building index: loading tuples,7168,4042,0,56599,123025,0
48106,10039,building index: loading tuples,7168,4045,0,56642,123025,0
48198,10039,building index: loading tuples,7168,4048,0,56681,123025,0
48289,10039,building index: loading tuples,7168,4051,0,56724,123025,0
48380,10039,building index: loading tuples,7168,4054,0,56765,123025,0
48470,10039,building index: loading tuples,7168,4057,0,56806,123025,0
48563,10039,building index: loading tuples,7168,4060,0,56846,123025,0
48656,10039,building index: loading tuples,7168,4063,0,56882,123025,0
48748,10039,building index: loading tuples,7168,4065,0,56922,123025,0
48839,10039,building index: loading tuples,7168,4068,0,56962,123025,0
48933,10039,building index: loading tuples,7168,4071,0,57002,123025,0
49024,10039,building index: loading tuples,7168,4074,0,57044,123025,0
49114,10039,building index: loading tuples,7168,4077,0,57087,123025,0
49207,10039,building index: loading tuples,7168,4080,0,57128,123025,0
49301,10039,building index: loading tuples,7168,4083,0,57170,123025,0
49392,10039,building index: loading tuples,7168,4086,0,57212,123025,0
49487,10039,building index: loading tuples,7168,4089,0,57253,123025,0
49578,10039,building index: loading tuples,7168,4092,0,57293,123025,0
49671,10039,building index: loading tuples,7168,4095,0,57332,123025,0
49764,10039,building index: loading tuples,7168,4098,0,57376,123025,0
49856,10039,building index: loading tuples,7168,4101,0,57418,123025,0
49945,10039,building index: loading tuples,7168,4104,0,57461,123025,0
50037,10039,building index: loading tuples,7168,4107,0,57503,123025,0
50128,10039,building index: loading tuples,7168,4110,0,57547,123025,0
50218,10039,building index: loading tuples,7168,4113,0,57587,123025,0
50328,10039,building index: loading tuples,7168,4116,0,57631,123025,0
50424,10039,building index: loading tuples,7168,4119,0,57674,123025,0
50497,10039,building index: loading tuples,7168,4123,0,57727,123025,0
50605,10039,building index: loading tuples,7168,4126,0,57774,123025,0
50698,10039,building index: loading tuples,7168,4129,0,57809,123025,0
50795,10039,building index: loading tuples,7168,4131,0,57844,123025,0
50894,10039,building index: loading tuples,7168,4134,0,57881,123025,0
51004,10039,building index: loading tuples,7168,4137,0,57924,123025,0
51100,10039,building index: loading tuples,7168,4140,0,57969,123025,0
51198,10039,building index: loading tuples,7168,4143,0,58007,123025,0
51294,10039,building index: loading tuples,7168,4146,0,58046,123025,0
51388,10039,building index: loading tuples,7168,4148,0,58082,123025,0
51498,10039,building index: loading tuples,7168,4152,0,58128,123025,0
51625,10039,building index: loading tuples,7168,4154,0,58167,123025,0
51724,10039,building index: loading tuples,7168,4157,0,58201,123025,0
51828,10039,building index: loading tuples,7168,4159,0,58239,123025,0
51928,10039,building index: loading tuples,7168,4162,0,58280,123025,0
52018,10039,building index: loading tuples,7168,4165,0,58316,123025,0
52108,10039,building index: loading tuples,7168,4168,0,58354,123025,0
52200,10039,building index: loading tuples,7168,4170,0,58391,123025,0
52289,10039,building index: loading tuples,7168,4173,0,58428,123025,0
52380,10039,building index: loading tuples,7168,4175,0,58462,123025,0
52484,10039,building index: loading tuples,7168,4179,0,58506,123025,0
52576,10039,building index: loading tuples,7168,4181,0,58540,123025,0
52668,10039,building index: loading tuples,7168,4183,0,58575,123025,0
52760,10039,building index: loading tuples,7168,4186,0,58611,123025,0
52850,10039,building index: loading tuples,7168,4189,0,58648,123025,0
52941,10039,building index: loading tuples,7168,4191,0,58684,123025,0
53034,10039,building index: loading tuples,7168,4194,0,58722,123025,0
53126,10039,building index: loading tuples,7168,4197,0,58759,123025,0
53217,10039,building index: loading tuples,7168,4199,0,58795,123025,0
53308,10039,building index: loading tuples,7168,4202,0,58830,123025,0
53399,10039,building index: loading tuples,7168,4204,0,58867,123025,0
53492,10039,building index: loading tuples,7168,4207,0,58901,123025,0
53583,10039,building index: loading tuples,7168,4209,0,58936,123025,0
53673,10039,building index: loading tuples,7168,4212,0,58969,123025,0
53762,10039,building index: loading tuples,7168,4214,0,59002,123025,0
53853,10039,building index: loading tuples,7168,4216,0,59036,123025,0
53943,10039,building index: loading tuples,7168,4219,0,59069,123025,0
54034,10039,building index: loading tuples,7168,4221,0,59103,123025,0
54125,10039,building index: loading tuples,7168,4223,0,59135,123025,0
54215,10039,building index: loading tuples,7168,4226,0,59170,123025,0
54304,10039,building index: loading tuples,7168,4229,0,59206,123025,0
54392,10039,building index: loading tuples,7168,4231,0,59243,123025,0
55245,10039,building index: loading tuples,7168,4254,0,59568,123025,0
55339,10039,building index: loading tuples,7168,4257,0,59603,123025,0
55430,10039,building index: loading tuples,7168,4260,0,59640,123025,0
55522,10039,building index: loading tuples,7168,4262,0,59676,123025,0
55613,10039,building index: loading tuples,7168,4264,0,59709,123025,0
55704,10039,building index: loading tuples,7168,4267,0,59743,123025,0
55796,10039,building index: loading tuples,7168,4269,0,59779,123025,0
55887,10039,building index: loading tuples,7168,4272,0,59814,123025,0
55977,10039,building index: loading tuples,7168,4274,0,59847,123025,0
56068,10039,building index: loading tuples,7168,4277,0,59882,123025,0
56160,10039,building index: loading tuples,7168,4279,0,59914,123025,0
56250,10039,building index: loading tuples,7168,4281,0,59947,123025,0
56343,10039,building index: loading tuples,7168,4284,0,59980,123025,0
56432,10039,building index: loading tuples,7168,4286,0,60012,123025,0
56530,10039,building index: loading tuples,7168,4289,0,60046,123025,0
56625,10039,building index: loading tuples,7168,4291,0,60080,123025,0
56720,10039,building index: loading tuples,7168,4293,0,60114,123025,0
56810,10039,building index: loading tuples,7168,4296,0,60149,123025,0
56901,10039,building index: loading tuples,7168,4298,0,60182,123025,0
56992,10039,building index: loading tuples,7168,4301,0,60217,123025,0
57082,10039,building index: loading tuples,7168,4303,0,60249,123025,0
57175,10039,building index: loading tuples,7168,4305,0,60281,123025,0
57266,10039,building index: loading tuples,7168,4308,0,60313,123025,0
57355,10039,building index: loading tuples,7168,4310,0,60347,123025,0
57448,10039,building index: loading tuples,7168,4312,0,60380,123025,0
57539,10039,building index: loading tuples,7168,4315,0,60413,123025,0
57631,10039,building index: loading tuples,7168,4317,0,60448,123025,0
57727,10039,building index: loading tuples,7168,4320,0,60482,123025,0
57818,10039,building index: loading tuples,7168,4322,0,60515,123025,0
57910,10039,building index: loading tuples,7168,4324,0,60547,123025,0
58001,10039,building index: loading tuples,7168,4327,0,60581,123025,0
58093,10039,building index: loading tuples,7168,4329,0,60617,123025,0
58182,10039,building index: loading tuples,7168,4332,0,60650,123025,0
58272,10039,building index: loading tuples,7168,4334,0,60684,123025,0
58364,10039,building index: loading tuples,7168,4336,0,60717,123025,0
58452,10039,building index: loading tuples,7168,4339,0,60750,123025,0
58541,10039,building index: loading tuples,7168,4341,0,60783,123025,0
58632,10039,building index: loading tuples,7168,4343,0,60814,123025,0
58723,10039,building index: loading tuples,7168,4345,0,60836,123025,0
58813,10039,building index: loading tuples,7168,4347,0,60868,123025,0
58903,10039,building index: loading tuples,7168,4350,0,60903,123025,0
58994,10039,building index: loading tuples,7168,4352,0,60938,123025,0
59086,10039,building index: loading tuples,7168,4355,0,60972,123025,0
59177,10039,building index: loading tuples,7168,4357,0,61007,123025,0
59265,10039,building index: loading tuples,7168,4360,0,61041,123025,0
59355,10039,building index: loading tuples,7168,4362,0,61077,123025,0
59450,10039,building index: loading tuples,7168,4365,0,61110,123025,0
59544,10039,building index: loading tuples,7168,4367,0,61145,123025,0
59635,10039,building index: loading tuples,7168,4370,0,61180,123025,0
59727,10039,building index: loading tuples,7168,4372,0,61213,123025,0
59819,10039,building index: loading tuples,7168,4374,0,61246,123025,0
59910,10039,building index: loading tuples,7168,4377,0,61281,123025,0
60000,10039,building index: loading tuples,7168,4379,0,61315,123025,0
60089,10039,building index: loading tuples,7168,4382,0,61348,123025,0
60180,10039,building index: loading tuples,7168,4384,0,61380,123025,0
60269,10039,building index: loading tuples,7168,4386,0,61413,123025,0
60361,10039,building index: loading tuples,7168,4389,0,61446,123025,0
60474,10039,building index: loading tuples,7168,4392,0,61489,123025,0
60564,10039,building index: loading tuples,7168,4394,0,61526,123025,0
60655,10039,building index: loading tuples,7168,4397,0,61560,123025,0
60745,10039,building index: loading tuples,7168,4399,0,61596,123025,0
60835,10039,building index: loading tuples,7168,4402,0,61630,123025,0
60927,10039,building index: loading tuples,7168,4404,0,61664,123025,0
61017,10039,building index: loading tuples,7168,4406,0,61697,123025,0
61107,10039,building index: loading tuples,7168,4409,0,61729,123025,0
61199,10039,building index: loading tuples,7168,4411,0,61764,123025,0
61288,10039,building index: loading tuples,7168,4414,0,61797,123025,0
61379,10039,building index: loading tuples,7168,4416,0,61828,123025,0
61587,10039,building index: loading tuples,7168,4421,0,61903,123025,0
61678,10039,building index: loading tuples,7168,4424,0,61936,123025,0
61770,10039,building index: loading tuples,7168,4426,0,61969,123025,0
61859,10039,building index: loading tuples,7168,4428,0,62003,123025,0
61950,10039,building index: loading tuples,7168,4431,0,62037,123025,0
62041,10039,building index: loading tuples,7168,4433,0,62069,123025,0
62131,10039,building index: loading tuples,7168,4435,0,62103,123025,0
62223,10039,building index: loading tuples,7168,4438,0,62138,123025,0
62314,10039,building index: loading tuples,7168,4440,0,62172,123025,0
62404,10039,building index: loading tuples,7168,4443,0,62206,123025,0
62524,10039,building index: loading tuples,7168,4446,0,62251,123025,0
62618,10039,building index: loading tuples,7168,4449,0,62286,123025,0
62709,10039,building index: loading tuples,7168,4451,0,62319,123025,0
62801,10039,building index: loading tuples,7168,4453,0,62353,123025,0
62892,10039,building index: loading tuples,7168,4456,0,62386,123025,0
62983,10039,building index: loading tuples,7168,4458,0,62421,123025,0
63075,10039,building index: loading tuples,7168,4461,0,62456,123025,0
63164,10039,building index: loading tuples,7168,4463,0,62490,123025,0
63256,10039,building index: loading tuples,7168,4466,0,62524,123025,0
63348,10039,building index: loading tuples,7168,4468,0,62556,123025,0
64183,10039,building index: loading tuples,7168,4490,0,62861,123025,0
64274,10039,building index: loading tuples,7168,4492,0,62893,123025,0
64367,10039,building index: loading tuples,7168,4494,0,62925,123025,0
64458,10039,building index: loading tuples,7168,4497,0,62958,123025,0
64551,10039,building index: loading tuples,7168,4499,0,62992,123025,0
64644,10039,building index: loading tuples,7168,4501,0,63025,123025,0
64737,10039,building index: loading tuples,7168,4504,0,63060,123025,0
64828,10039,building index: loading tuples,7168,4506,0,63094,123025,0
64919,10039,building index: loading tuples,7168,4509,0,63128,123025,0
65010,10039,building index: loading tuples,7168,4511,0,63161,123025,0
65098,10039,building index: loading tuples,7168,4513,0,63194,123025,0
65189,10039,building index: loading tuples,7168,4516,0,63228,123025,0
65280,10039,building index: loading tuples,7168,4518,0,63261,123025,0
65373,10039,building index: loading tuples,7168,4520,0,63293,123025,0
65467,10039,building index: loading tuples,7168,4523,0,63325,123025,0
65560,10039,building index: loading tuples,7168,4525,0,63358,123025,0
65649,10039,building index: loading tuples,7168,4528,0,63392,123025,0
65740,10039,building index: loading tuples,7168,4530,0,63426,123025,0
65829,10039,building index: loading tuples,7168,4532,0,63461,123025,0
65922,10039,building index: loading tuples,7168,4535,0,63494,123025,0
66012,10039,building index: loading tuples,7168,4537,0,63528,123025,0
66102,10039,building index: loading tuples,7168,4540,0,63562,123025,0
66196,10039,building index: loading tuples,7168,4542,0,63595,123025,0
66284,10039,building index: loading tuples,7168,4544,0,63627,123025,0
66374,10039,building index: loading tuples,7168,4547,0,63661,123025,0
66464,10039,building index: loading tuples,7168,4549,0,63693,123025,0
66554,10039,building index: loading tuples,7168,4551,0,63727,123025,0
66646,10039,building index: loading tuples,7168,4554,0,63763,123025,0
66737,10039,building index: loading tuples,7168,4557,0,63798,123025,0
66826,10039,building index: loading tuples,7168,4559,0,63830,123025,0
66917,10039,building index: loading tuples,7168,4561,0,63865,123025,0
67006,10039,building index: loading tuples,7168,4564,0,63898,123025,0
67096,10039,building index: loading tuples,7168,4566,0,63930,123025,0
67188,10039,building index: loading tuples,7168,4568,0,63964,123025,0
67278,10039,building index: loading tuples,7168,4571,0,63998,123025,0
67368,10039,building index: loading tuples,7168,4573,0,64031,123025,0
67461,10039,building index: loading tuples,7168,4576,0,64064,123025,0
67553,10039,building index: loading tuples,7168,4578,0,64099,123025,0
67643,10039,building index: loading tuples,7168,4580,0,64132,123025,0
67734,10039,building index: loading tuples,7168,4583,0,64164,123025,0
67826,10039,building index: loading tuples,7168,4585,0,64197,123025,0
67918,10039,building index: loading tuples,7168,4587,0,64231,123025,0
68014,10039,building index: loading tuples,7168,4590,0,64265,123025,0
68112,10039,building index: loading tuples,7168,4592,0,64296,123025,0
68208,10039,building index: loading tuples,7168,4594,0,64329,123025,0
68300,10039,building index: loading tuples,7168,4597,0,64361,123025,0
68391,10039,building index: loading tuples,7168,4599,0,64395,123025,0
68479,10039,building index: loading tuples,7168,4602,0,64430,123025,0
68570,10039,building index: loading tuples,7168,4604,0,64462,123025,0
68663,10039,building index: loading tuples,7168,4606,0,64495,123025,0
68756,10039,building index: loading tuples,7168,4609,0,64528,123025,0
68846,10039,building index: loading tuples,7168,4611,0,64559,123025,0
68936,10039,building index: loading tuples,7168,4613,0,64594,123025,0
69026,10039,building index: loading tuples,7168,4616,0,64626,123025,0
69117,10039,building index: loading tuples,7168,4618,0,64661,123025,0
69207,10039,building index: loading tuples,7168,4621,0,64696,123025,0
69299,10039,building index: loading tuples,7168,4623,0,64729,123025,0
69392,10039,building index: loading tuples,7168,4625,0,64762,123025,0
70609,10039,building index: loading tuples,7168,4658,0,65217,123025,0
70702,10039,building index: loading tuples,7168,4660,0,65251,123025,0
70792,10039,building index: loading tuples,7168,4663,0,65282,123025,0
70884,10039,building index: loading tuples,7168,4665,0,65313,123025,0
70975,10039,building index: loading tuples,7168,4667,0,65347,123025,0
71067,10039,building index: loading tuples,7168,4670,0,65382,123025,0
71161,10039,building index: loading tuples,7168,4672,0,65415,123025,0
71252,10039,building index: loading tuples,7168,4674,0,65445,123025,0
71347,10039,building index: loading tuples,7168,4677,0,65479,123025,0
71443,10039,building index: loading tuples,7168,4679,0,65516,123025,0
71540,10039,building index: loading tuples,7168,4682,0,65549,123025,0
71630,10039,building index: loading tuples,7168,4684,0,65585,123025,0
71725,10039,building index: loading tuples,7168,4687,0,65620,123025,0
71814,10039,building index: loading tuples,7168,4689,0,65649,123025,0
71905,10039,building index: loading tuples,7168,4691,0,65683,123025,0
71997,10039,building index: loading tuples,7168,4693,0,65715,123025,0
72086,10039,building index: loading tuples,7168,4696,0,65748,123025,0
72182,10039,building index: loading tuples,7168,4698,0,65780,123025,0
72272,10039,building index: loading tuples,7168,4701,0,65814,123025,0
72364,10039,building index: loading tuples,7168,4703,0,65846,123025,0
72455,10039,building index: loading tuples,7168,4705,0,65878,123025,0
72546,10039,building index: loading tuples,7168,4707,0,65911,123025,0
72636,10039,building index: loading tuples,7168,4710,0,65942,123025,0
72725,10039,building index: loading tuples,7168,4712,0,65974,123025,0
73167,10039,building index: loading tuples,7168,4724,0,66138,123025,0
73266,10039,building index: loading tuples,7168,4726,0,66173,123025,0
73357,10039,building index: loading tuples,7168,4729,0,66207,123025,0
73449,10039,building index: loading tuples,7168,4731,0,66242,123025,0
73540,10039,building index: loading tuples,7168,4733,0,66274,123025,0
73629,10039,building index: loading tuples,7168,4736,0,66310,123025,0
73723,10039,building index: loading tuples,7168,4738,0,66341,123025,0
73813,10039,building index: loading tuples,7168,4741,0,66375,123025,0
73903,10039,building index: loading tuples,7168,4743,0,66407,123025,0
73995,10039,building index: loading tuples,7168,4745,0,66438,123025,0
74083,10039,building index: loading tuples,7168,4748,0,66472,123025,0
74173,10039,building index: loading tuples,7168,4750,0,66506,123025,0
74263,10039,building index: loading tuples,7168,4752,0,66538,123025,0
74352,10039,building index: loading tuples,7168,4755,0,66571,123025,0
74441,10039,building index: loading tuples,7168,4757,0,66604,123025,0
74530,10039,building index: loading tuples,7168,4759,0,66637,123025,0
74620,10039,building index: loading tuples,7168,4762,0,66673,123025,0
74712,10039,building index: loading tuples,7168,4764,0,66705,123025,0
74802,10039,building index: loading tuples,7168,4767,0,66740,123025,0
74891,10039,building index: loading tuples,7168,4769,0,66774,123025,0
74983,10039,building index: loading tuples,7168,4771,0,66806,123025,0
75072,10039,building index: loading tuples,7168,4774,0,66840,123025,0
75161,10039,building index: loading tuples,7168,4776,0,66871,123025,0
75251,10039,building index: loading tuples,7168,4778,0,66903,123025,0
75343,10039,building index: loading tuples,7168,4781,0,66936,123025,0
75435,10039,building index: loading tuples,7168,4783,0,66967,123025,0
75524,10039,building index: loading tuples,7168,4785,0,67001,123025,0
75617,10039,building index: loading tuples,7168,4788,0,67034,123025,0
75709,10039,building index: loading tuples,7168,4790,0,67066,123025,0
75799,10039,building index: loading tuples,7168,4792,0,67098,123025,0
75888,10039,building index: loading tuples,7168,4795,0,67131,123025,0
75978,10039,building index: loading tuples,7168,4797,0,67162,123025,0
76068,10039,building index: loading tuples,7168,4799,0,67196,123025,0
76158,10039,building index: loading tuples,7168,4802,0,67228,123025,0
76250,10039,building index: loading tuples,7168,4804,0,67261,123025,0
76342,10039,building index: loading tuples,7168,4806,0,67295,123025,0
76431,10039,building index: loading tuples,7168,4809,0,67327,123025,0
76521,10039,building index: loading tuples,7168,4811,0,67360,123025,0
76655,10039,building index: loading tuples,7168,4814,0,67409,123025,0
76746,10039,building index: loading tuples,7168,4817,0,67443,123025,0
76834,10039,building index: loading tuples,7168,4819,0,67473,123025,0
76924,10039,building index: loading tuples,7168,4821,0,67505,123025,0
77018,10039,building index: loading tuples,7168,4824,0,67539,123025,0
77107,10039,building index: loading tuples,7168,4826,0,67570,123025,0
77200,10039,building index: loading tuples,7168,4828,0,67602,123025,0
77291,10039,building index: loading tuples,7168,4831,0,67637,123025,0
77381,10039,building index: loading tuples,7168,4833,0,67670,123025,0
77472,10039,building index: loading tuples,7168,4835,0,67703,123025,0
77562,10039,building index: loading tuples,7168,4838,0,67736,123025,0
77652,10039,building index: loading tuples,7168,4840,0,67772,123025,0
77755,10039,building index: loading tuples,7168,4843,0,67805,123025,0
77844,10039,building index: loading tuples,7168,4845,0,67840,123025,0
77935,10039,building index: loading tuples,7168,4848,0,67874,123025,0
78026,10039,building index: loading tuples,7168,4850,0,67908,123025,0
78117,10039,building index: loading tuples,7168,4852,0,67941,123025,0
78211,10039,building index: loading tuples,7168,4855,0,67972,123025,0
78302,10039,building index: loading tuples,7168,4857,0,68006,123025,0
78393,10039,building index: loading tuples,7168,4860,0,68041,123025,0
78485,10039,building index: loading tuples,7168,4862,0,68073,123025,0
78575,10039,building index: loading tuples,7168,4864,0,68105,123025,0
78664,10039,building index: loading tuples,7168,4896,0,68556,123025,0
79780,10039,building index: loading tuples,7168,4899,0,68592,123025,0
79873,10039,building index: loading tuples,7168,4901,0,68627,123025,0
79962,10039,building index: loading tuples,7168,4904,0,68661,123025,0
80052,10039,building index: loading tuples,7168,4906,0,68693,123025,0
80144,10039,building index: loading tuples,7168,4909,0,68728,123025,0
80234,10039,building index: loading tuples,7168,4911,0,68760,123025,0
80326,10039,building index: loading tuples,7168,4913,0,68794,123025,0
80415,10039,building index: loading tuples,7168,4916,0,68825,123025,0
80502,10039,building index: loading tuples,7168,4918,0,68857,123025,0
80588,10039,building index: loading tuples,7168,4920,0,68888,123025,0
80677,10039,building index: loading tuples,7168,4922,0,68919,123025,0
80769,10039,building index: loading tuples,7168,4925,0,68954,123025,0
80860,10039,building index: loading tuples,7168,4927,0,68985,123025,0
80950,10039,building index: loading tuples,7168,4929,0,69016,123025,0
81038,10039,building index: loading tuples,7168,4932,0,69050,123025,0
81129,10039,building index: loading tuples,7168,4934,0,69084,123025,0
81222,10039,building index: loading tuples,7168,4937,0,69118,123025,0
81315,10039,building index: loading tuples,7168,4939,0,69151,123025,0
81407,10039,building index: loading tuples,7168,4941,0,69183,123025,0
81502,10039,building index: loading tuples,7168,4944,0,69217,123025,0
81599,10039,building index: loading tuples,7168,4946,0,69253,123025,0
81690,10039,building index: loading tuples,7168,4949,0,69288,123025,0
82153,10039,building index: loading tuples,7168,4961,0,69460,123025,0
82247,10039,building index: loading tuples,7168,4963,0,69495,123025,0
82338,10039,building index: loading tuples,7168,4966,0,69528,123025,0
82431,10039,building index: loading tuples,7168,4968,0,69560,123025,0
82522,10039,building index: loading tuples,7168,4970,0,69590,123025,0
82614,10039,building index: loading tuples,7168,4973,0,69626,123025,0
82709,10039,building index: loading tuples,7168,4975,0,69659,123025,0
82800,10039,building index: loading tuples,7168,4978,0,69693,123025,0
82891,10039,building index: loading tuples,7168,4980,0,69725,123025,0
82982,10039,building index: loading tuples,7168,4982,0,69758,123025,0
83071,10039,building index: loading tuples,7168,4985,0,69793,123025,0
83162,10039,building index: loading tuples,7168,4987,0,69826,123025,0
83251,10039,building index: loading tuples,7168,4989,0,69857,123025,0
83342,10039,building index: loading tuples,7168,4992,0,69891,123025,0
83434,10039,building index: loading tuples,7168,4994,0,69925,123025,0
83526,10039,building index: loading tuples,7168,4997,0,69958,123025,0
83618,10039,building index: loading tuples,7168,4999,0,69990,123025,0
83708,10039,building index: loading tuples,7168,5001,0,70023,123025,0
83798,10039,building index: loading tuples,7168,5004,0,70057,123025,0
83889,10039,building index: loading tuples,7168,5006,0,70090,123025,0
83979,10039,building index: loading tuples,7168,5008,0,70125,123025,0
84068,10039,building index: loading tuples,7168,5011,0,70159,123025,0
84160,10039,building index: loading tuples,7168,5013,0,70192,123025,0
84254,10039,building index: loading tuples,7168,5016,0,70224,123025,0
84346,10039,building index: loading tuples,7168,5018,0,70260,123025,0
84439,10039,building index: loading tuples,7168,5021,0,70297,123025,0
84532,10039,building index: loading tuples,7168,5023,0,70331,123025,0
84714,10039,building index: loading tuples,7168,5028,0,70401,123025,0
84808,10039,building index: loading tuples,7168,5031,0,70434,123025,0
84898,10039,building index: loading tuples,7168,5033,0,70467,123025,0
84990,10039,building index: loading tuples,7168,5035,0,70500,123025,0
85080,10039,building index: loading tuples,7168,5038,0,70532,123025,0
85171,10039,building index: loading tuples,7168,5040,0,70564,123025,0
85260,10039,building index: loading tuples,7168,5042,0,70599,123025,0
85349,10039,building index: loading tuples,7168,5045,0,70633,123025,0
85442,10039,building index: loading tuples,7168,5047,0,70669,123025,0
85532,10039,building index: loading tuples,7168,5050,0,70702,123025,0
85623,10039,building index: loading tuples,7168,5052,0,70735,123025,0
85711,10039,building index: loading tuples,7168,5054,0,70768,123025,0
85802,10039,building index: loading tuples,7168,5057,0,70803,123025,0
85892,10039,building index: loading tuples,7168,5059,0,70834,123025,0
85982,10039,building index: loading tuples,7168,5062,0,70870,123025,0
86073,10039,building index: loading tuples,7168,5064,0,70905,123025,0
86163,10039,building index: loading tuples,7168,5066,0,70937,123025,0
86254,10039,building index: loading tuples,7168,5069,0,70971,123025,0
86347,10039,building index: loading tuples,7168,5071,0,71004,123025,0
86437,10039,building index: loading tuples,7168,5074,0,71038,123025,0
86529,10039,building index: loading tuples,7168,5076,0,71071,123025,0
86674,10039,building index: loading tuples,7168,5080,0,71123,123025,0
86771,10039,building index: loading tuples,7168,5082,0,71157,123025,0
86867,10039,building index: loading tuples,7168,5085,0,71193,123025,0
86957,10039,building index: loading tuples,7168,5087,0,71227,123025,0
87049,10039,building index: loading tuples,7168,5090,0,71260,123025,0
87142,10039,building index: loading tuples,7168,5092,0,71293,123025,0
87235,10039,building index: loading tuples,7168,5094,0,71326,123025,0
87326,10039,building index: loading tuples,7168,5097,0,71360,123025,0
87419,10039,building index: loading tuples,7168,5099,0,71396,123025,0
87511,10039,building index: loading tuples,7168,5102,0,71428,123025,0
87600,10039,building index: loading tuples,7168,5106,0,71489,123025,0
87763,10039,building index: loading tuples,7168,5108,0,71522,123025,0
87855,10039,building index: loading tuples,7168,5111,0,71555,123025,0
87947,10039,building index: loading tuples,7168,5113,0,71588,123025,0
88042,10039,building index: loading tuples,7168,5116,0,71624,123025,0
88134,10039,building index: loading tuples,7168,5118,0,71659,123025,0
88227,10039,building index: loading tuples,7168,5121,0,71694,123025,0
88318,10039,building index: loading tuples,7168,5123,0,71728,123025,0
88410,10039,building index: loading tuples,7168,5125,0,71762,123025,0
88500,10039,building index: loading tuples,7168,5128,0,71794,123025,0
88591,10039,building index: loading tuples,7168,5130,0,71826,123025,0
88680,10039,building index: loading tuples,7168,5132,0,71859,123025,0
88772,10039,building index: loading tuples,7168,5135,0,71893,123025,0
88862,10039,building index: loading tuples,7168,5137,0,71926,123025,0
88954,10039,building index: loading tuples,7168,5140,0,71963,123025,0
89049,10039,building index: loading tuples,7168,5142,0,71996,123025,0
89140,10039,building index: loading tuples,7168,5144,0,72029,123025,0
89232,10039,building index: loading tuples,7168,5147,0,72061,123025,0
89323,10039,building index: loading tuples,7168,5149,0,72096,123025,0
89414,10039,building index: loading tuples,7168,5152,0,72131,123025,0
89502,10039,building index: loading tuples,7168,5154,0,72166,123025,0
89594,10039,building index: loading tuples,7168,5157,0,72198,123025,0
89684,10039,building index: loading tuples,7168,5159,0,72233,123025,0
89776,10039,building index: loading tuples,7168,5161,0,72266,123025,0
89861,10039,building index: loading tuples,7168,5164,0,72298,123025,0
89953,10039,building index: loading tuples,7168,5166,0,72331,123025,0
90045,10039,building index: loading tuples,7168,5169,0,72366,123025,0
90136,10039,building index: loading tuples,7168,5171,0,72403,123025,0
90229,10039,building index: loading tuples,7168,5174,0,72437,123025,0
90319,10039,building index: loading tuples,7168,5176,0,72470,123025,0
90410,10039,building index: loading tuples,7168,5178,0,72504,123025,0
90500,10039,building index: loading tuples,7168,5181,0,72537,123025,0
90590,10039,building index: loading tuples,7168,5183,0,72573,123025,0
90680,10039,building index: loading tuples,7168,5186,0,72607,123025,0
90770,10039,building index: loading tuples,7168,5188,0,72636,123025,0
90861,10039,building index: loading tuples,7168,5190,0,72667,123025,0
90952,10039,building index: loading tuples,7168,5192,0,72698,123025,0
91042,10039,building index: loading tuples,7168,5194,0,72729,123025,0
91135,10039,building index: loading tuples,7168,5197,0,72763,123025,0
91226,10039,building index: loading tuples,7168,5199,0,72796,123025,0
91316,10039,building index: loading tuples,7168,5202,0,72829,123025,0
91409,10039,building index: loading tuples,7168,5204,0,72865,123025,0
91498,10039,building index: loading tuples,7168,5207,0,72900,123025,0
91591,10039,building index: loading tuples,7168,5209,0,72934,123025,0
91684,10039,building index: loading tuples,7168,5211,0,72967,123025,0
91775,10039,building index: loading tuples,7168,5214,0,72999,123025,0
91864,10039,building index: loading tuples,7168,5216,0,73032,123025,0
91953,10039,building index: loading tuples,7168,5218,0,73065,123025,0
92045,10039,building index: loading tuples,7168,5221,0,73102,123025,0
92136,10039,building index: loading tuples,7168,5224,0,73136,123025,0
92226,10039,building index: loading tuples,7168,5226,0,73169,123025,0
92318,10039,building index: loading tuples,7168,5228,0,73204,123025,0
92408,10039,building index: loading tuples,7168,5231,0,73239,123025,0
92499,10039,building index: loading tuples,7168,5233,0,73271,123025,0
92590,10039,building index: loading tuples,7168,5236,0,73305,123025,0
92682,10039,building index: loading tuples,7168,5238,0,73338,123025,0
92773,10039,building index: loading tuples,7168,5240,0,73372,123025,0
92865,10039,building index: loading tuples,7168,5243,0,73408,123025,0
92956,10039,building index: loading tuples,7168,5245,0,73440,123025,0
93046,10039,building index: loading tuples,7168,5248,0,73475,123025,0
93135,10039,building index: loading tuples,7168,5250,0,73510,123025,0
93227,10039,building index: loading tuples,7168,5253,0,73542,123025,0
93320,10039,building index: loading tuples,7168,5255,0,73578,123025,0
93411,10039,building index: loading tuples,7168,5258,0,73613,123025,0
93503,10039,building index: loading tuples,7168,5260,0,73647,123025,0
93595,10039,building index: loading tuples,7168,5263,0,73695,123025,0
93729,10039,building index: loading tuples,7168,5266,0,73730,123025,0
93820,10039,building index: loading tuples,7168,5268,0,73763,123025,0
93912,10039,building index: loading tuples,7168,5271,0,73799,123025,0
94002,10039,building index: loading tuples,7168,5273,0,73834,123025,0
94091,10039,building index: loading tuples,7168,5276,0,73866,123025,0
94176,10039,building index: loading tuples,7168,5278,0,73901,123025,0
94268,10039,building index: loading tuples,7168,5281,0,73936,123025,0
94358,10039,building index: loading tuples,7168,5283,0,73970,123025,0
94451,10039,building index: loading tuples,7168,5286,0,74004,123025,0
94544,10039,building index: loading tuples,7168,5288,0,74037,123025,0
94650,10039,building index: loading tuples,7168,5291,0,74077,123025,0
94742,10039,building index: loading tuples,7168,5293,0,74112,123025,0
94834,10039,building index: loading tuples,7168,5296,0,74144,123025,0
94926,10039,building index: loading tuples,7168,5298,0,74177,123025,0
95015,10039,building index: loading tuples,7168,5300,0,74208,123025,0
95109,10039,building index: loading tuples,7168,5302,0,74241,123025,0
95206,10039,building index: loading tuples,7168,5305,0,74276,123025,0
95297,10039,building index: loading tuples,7168,5307,0,74311,123025,0
95388,10039,building index: loading tuples,7168,5310,0,74343,123025,0
95480,10039,building index: loading tuples,7168,5312,0,74380,123025,0
95571,10039,building index: loading tuples,7168,5315,0,74413,123025,0
95673,10039,building index: loading tuples,7168,5317,0,74450,123025,0
95769,10039,building index: loading tuples,7168,5320,0,74485,123025,0
95860,10039,building index: loading tuples,7168,5322,0,74519,123025,0
95951,10039,building index: loading tuples,7168,5325,0,74553,123025,0
96042,10039,building index: loading tuples,7168,5327,0,74588,123025,0
96134,10039,building index: loading tuples,7168,5330,0,74622,123025,0
96228,10039,building index: loading tuples,7168,5332,0,74659,123025,0
96320,10039,building index: loading tuples,7168,5335,0,74693,123025,0
96414,10039,building index: loading tuples,7168,5337,0,74727,123025,0
96504,10039,building index: loading tuples,7168,5340,0,74762,123025,0
96594,10039,building index: loading tuples,7168,5342,0,74796,123025,0
97730,10039,building index: loading tuples,7168,5374,0,75242,123025,0
97820,10039,building index: loading tuples,7168,5376,0,75277,123025,0
97911,10039,building index: loading tuples,7168,5379,0,75313,123025,0
98001,10039,building index: loading tuples,7168,5381,0,75346,123025,0
98092,10039,building index: loading tuples,7168,5384,0,75381,123025,0
98188,10039,building index: loading tuples,7168,5386,0,75417,123025,0
98280,10039,building index: loading tuples,7168,5389,0,75448,123025,0
98369,10039,building index: loading tuples,7168,5391,0,75484,123025,0
98457,10039,building index: loading tuples,7168,5394,0,75517,123025,0
98549,10039,building index: loading tuples,7168,5396,0,75553,123025,0
98638,10039,building index: loading tuples,7168,5399,0,75589,123025,0
98727,10039,building index: loading tuples,7168,5401,0,75625,123025,0
98815,10039,building index: loading tuples,7168,5404,0,75659,123025,0
98905,10039,building index: loading tuples,7168,5406,0,75694,123025,0
98997,10039,building index: loading tuples,7168,5409,0,75728,123025,0
99089,10039,building index: loading tuples,7168,5411,0,75764,123025,0
99181,10039,building index: loading tuples,7168,5414,0,75799,123025,0
99270,10039,building index: loading tuples,7168,5416,0,75834,123025,0
99361,10039,building index: loading tuples,7168,5419,0,75869,123025,0
99451,10039,building index: loading tuples,7168,5421,0,75905,123025,0
99543,10039,building index: loading tuples,7168,5424,0,75939,123025,0
99631,10039,building index: loading tuples,7168,5426,0,75974,123025,0
99727,10039,building index: loading tuples,7168,5429,0,76008,123025,0
99814,10039,building index: loading tuples,7168,5431,0,76040,123025,0
99901,10039,building index: loading tuples,7168,5433,0,76075,123025,0
99989,10039,building index: loading tuples,7168,5436,0,76106,123025,0
100081,10039,building index: loading tuples,7168,5438,0,76139,123025,0
100170,10039,building index: loading tuples,7168,5440,0,76173,123025,0
100263,10039,building index: loading tuples,7168,5443,0,76210,123025,0
100353,10039,building index: loading tuples,7168,5445,0,76243,123025,0
100441,10039,building index: loading tuples,7168,5448,0,76281,123025,0
100532,10039,building index: loading tuples,7168,5451,0,76316,123025,0
100623,10039,building index: loading tuples,7168,5453,0,76349,123025,0
100713,10039,building index: loading tuples,7168,5455,0,76383,123025,0
100805,10039,building index: loading tuples,7168,5458,0,76418,123025,0
100894,10039,building index: loading tuples,7168,5461,0,76455,123025,0
100986,10039,building index: loading tuples,7168,5463,0,76490,123025,0
101076,10039,building index: loading tuples,7168,5466,0,76526,123025,0
101165,10039,building index: loading tuples,7168,5468,0,76560,123025,0
101255,10039,building index: loading tuples,7168,5470,0,76593,123025,0
101349,10039,building index: loading tuples,7168,5473,0,76631,123025,0
101441,10039,building index: loading tuples,7168,5476,0,76668,123025,0
101532,10039,building index: loading tuples,7168,5478,0,76701,123025,0
101621,10039,building index: loading tuples,7168,5481,0,76738,123025,0
101714,10039,building index: loading tuples,7168,5484,0,76777,123025,0
101803,10039,building index: loading tuples,7168,5487,0,76824,123025,0
101920,10039,building index: loading tuples,7168,5489,0,76859,123025,0
102011,10039,building index: loading tuples,7168,5492,0,76892,123025,0
102102,10039,building index: loading tuples,7168,5494,0,76926,123025,0
102194,10039,building index: loading tuples,7168,5497,0,76963,123025,0
102284,10039,building index: loading tuples,7168,5499,0,76997,123025,0
102373,10039,building index: loading tuples,7168,5502,0,77031,123025,0
102461,10039,building index: loading tuples,7168,5504,0,77067,123025,0
102552,10039,building index: loading tuples,7168,5507,0,77102,123025,0
102646,10039,building index: loading tuples,7168,5509,0,77137,123025,0
102741,10039,building index: loading tuples,7168,5512,0,77173,123025,0
102833,10039,building index: loading tuples,7168,5514,0,77208,123025,0
102926,10039,building index: loading tuples,7168,5517,0,77243,123025,0
103016,10039,building index: loading tuples,7168,5519,0,77279,123025,0
103105,10039,building index: loading tuples,7168,5522,0,77314,123025,0
103197,10039,building index: loading tuples,7168,5524,0,77349,123025,0
103290,10039,building index: loading tuples,7168,5527,0,77386,123025,0
103382,10039,building index: loading tuples,7168,5530,0,77422,123025,0
103475,10039,building index: loading tuples,7168,5532,0,77457,123025,0
103566,10039,building index: loading tuples,7168,5535,0,77490,123025,0
103657,10039,building index: loading tuples,7168,5537,0,77525,123025,0
103746,10039,building index: loading tuples,7168,5539,0,77559,123025,0
103838,10039,building index: loading tuples,7168,5542,0,77593,123025,0
103932,10039,building index: loading tuples,7168,5544,0,77629,123025,0
104022,10039,building index: loading tuples,7168,5547,0,77661,123025,0
104112,10039,building index: loading tuples,7168,5549,0,77698,123025,0
104206,10039,building index: loading tuples,7168,5552,0,77734,123025,0
104297,10039,building index: loading tuples,7168,5554,0,77769,123025,0
104386,10039,building index: loading tuples,7168,5557,0,77804,123025,0
104475,10039,building index: loading tuples,7168,5559,0,77839,123025,0
104568,10039,building index: loading tuples,7168,5562,0,77873,123025,0
104660,10039,building index: loading tuples,7168,5564,0,77908,123025,0
104749,10039,building index: loading tuples,7168,5567,0,77943,123025,0
104839,10039,building index: loading tuples,7168,5569,0,77977,123025,0
104932,10039,building index: loading tuples,7168,5572,0,78013,123025,0
105023,10039,building index: loading tuples,7168,5574,0,78047,123025,0
105112,10039,building index: loading tuples,7168,5577,0,78083,123025,0
105203,10039,building index: loading tuples,7168,5579,0,78118,123025,0
105295,10039,building index: loading tuples,7168,5582,0,78153,123025,0
105385,10039,building index: loading tuples,7168,5584,0,78183,123025,0
105474,10039,building index: loading tuples,7168,5586,0,78216,123025,0
105563,10039,building index: loading tuples,7168,5589,0,78250,123025,0
105656,10039,building index: loading tuples,7168,5591,0,78284,123025,0
105748,10039,building index: loading tuples,7168,5594,0,78318,123025,0
106613,10039,building index: loading tuples,7168,5617,0,78642,123025,0
106702,10039,building index: loading tuples,7168,5619,0,78677,123025,0
106793,10039,building index: loading tuples,7168,5623,0,78731,123025,0
106928,10039,building index: loading tuples,7168,5626,0,78766,123025,0
107019,10039,building index: loading tuples,7168,5628,0,78799,123025,0
107112,10039,building index: loading tuples,7168,5630,0,78830,123025,0
107203,10039,building index: loading tuples,7168,5633,0,78864,123025,0
107295,10039,building index: loading tuples,7168,5635,0,78897,123025,0
107385,10039,building index: loading tuples,7168,5637,0,78931,123025,0
107474,10039,building index: loading tuples,7168,5640,0,78966,123025,0
107565,10039,building index: loading tuples,7168,5642,0,79000,123025,0
107655,10039,building index: loading tuples,7168,5645,0,79034,123025,0
107744,10039,building index: loading tuples,7168,5647,0,79070,123025,0
107835,10039,building index: loading tuples,7168,5650,0,79105,123025,0
107927,10039,building index: loading tuples,7168,5652,0,79138,123025,0
108019,10039,building index: loading tuples,7168,5655,0,79171,123025,0
108117,10039,building index: loading tuples,7168,5657,0,79205,123025,0
108209,10039,building index: loading tuples,7168,5660,0,79240,123025,0
108302,10039,building index: loading tuples,7168,5662,0,79275,123025,0
108396,10039,building index: loading tuples,7168,5665,0,79311,123025,0
108486,10039,building index: loading tuples,7168,5667,0,79346,123025,0
108576,10039,building index: loading tuples,7168,5669,0,79378,123025,0
108668,10039,building index: loading tuples,7168,5672,0,79419,123025,0
109007,10039,building index: loading tuples,7168,5682,0,79559,123025,0
109104,10039,building index: loading tuples,7168,5685,0,79591,123025,0
109196,10039,building index: loading tuples,7168,5687,0,79628,123025,0
109287,10039,building index: loading tuples,7168,5690,0,79668,123025,0
109377,10039,building index: loading tuples,7168,5693,0,79705,123025,0
109470,10039,building index: loading tuples,7168,5696,0,79744,123025,0
109560,10039,building index: loading tuples,7168,5698,0,79779,123025,0
109651,10039,building index: loading tuples,7168,5701,0,79816,123025,0
109742,10039,building index: loading tuples,7168,5703,0,79853,123025,0
109832,10039,building index: loading tuples,7168,5706,0,79888,123025,0
109923,10039,building index: loading tuples,7168,5708,0,79922,123025,0
110011,10039,building index: loading tuples,7168,5710,0,79953,123025,0
110103,10039,building index: loading tuples,7168,5713,0,79988,123025,0
110195,10039,building index: loading tuples,7168,5716,0,80024,123025,0
110286,10039,building index: loading tuples,7168,5718,0,80062,123025,0
110375,10039,building index: loading tuples,7168,5721,0,80097,123025,0
110469,10039,building index: loading tuples,7168,5723,0,80131,123025,0
110564,10039,building index: loading tuples,7168,5726,0,80165,123025,0
110654,10039,building index: loading tuples,7168,5728,0,80199,123025,0
110755,10039,building index: loading tuples,7168,5730,0,80232,123025,0
110854,10039,building index: loading tuples,7168,5733,0,80263,123025,0
110955,10039,building index: loading tuples,7168,5736,0,80304,123025,0
111057,10039,building index: loading tuples,7168,5738,0,80341,123025,0
111155,10039,building index: loading tuples,7168,5741,0,80378,123025,0
111249,10039,building index: loading tuples,7168,5744,0,80416,123025,0
111355,10039,building index: loading tuples,7168,5746,0,80454,123025,0
111448,10039,building index: loading tuples,7168,5749,0,80487,123025,0
111546,10039,building index: loading tuples,7168,5751,0,80523,123025,0
111643,10039,building index: loading tuples,7168,5754,0,80559,123025,0
111767,10039,building index: loading tuples,7168,5757,0,80604,123025,0
111862,10039,building index: loading tuples,7168,5759,0,80639,123025,0
111956,10039,building index: loading tuples,7168,5762,0,80670,123025,0
112047,10039,building index: loading tuples,7168,5764,0,80705,123025,0
112138,10039,building index: loading tuples,7168,5767,0,80740,123025,0
112229,10039,building index: loading tuples,7168,5769,0,80779,123025,0
112319,10039,building index: loading tuples,7168,5772,0,80813,123025,0
112408,10039,building index: loading tuples,7168,5774,0,80846,123025,0
112497,10039,building index: loading tuples,7168,5777,0,80879,123025,0
112588,10039,building index: loading tuples,7168,5779,0,80914,123025,0
112676,10039,building index: loading tuples,7168,5781,0,80947,123025,0
112765,10039,building index: loading tuples,7168,5784,0,80981,123025,0
112858,10039,building index: loading tuples,7168,5786,0,81015,123025,0
112950,10039,building index: loading tuples,7168,5789,0,81050,123025,0
113039,10039,building index: loading tuples,7168,5791,0,81083,123025,0
113131,10039,building index: loading tuples,7168,5794,0,81118,123025,0
113222,10039,building index: loading tuples,7168,5796,0,81155,123025,0
113311,10039,building index: loading tuples,7168,5799,0,81189,123025,0
113402,10039,building index: loading tuples,7168,5801,0,81221,123025,0
113494,10039,building index: loading tuples,7168,5804,0,81256,123025,0
113585,10039,building index: loading tuples,7168,5806,0,81289,123025,0
113676,10039,building index: loading tuples,7168,5808,0,81325,123025,0
113765,10039,building index: loading tuples,7168,5811,0,81360,123025,0
113856,10039,building index: loading tuples,7168,5814,0,81396,123025,0
113946,10039,building index: loading tuples,7168,5816,0,81434,123025,0
114037,10039,building index: loading tuples,7168,5819,0,81469,123025,0
114134,10039,building index: loading tuples,7168,5821,0,81503,123025,0
114225,10039,building index: loading tuples,7168,5824,0,81539,123025,0
114315,10039,building index: loading tuples,7168,5826,0,81574,123025,0
114406,10039,building index: loading tuples,7168,5829,0,81606,123025,0
114496,10039,building index: loading tuples,7168,5831,0,81642,123025,0
114585,10039,building index: loading tuples,7168,5834,0,81678,123025,0
114672,10039,building index: loading tuples,7168,5836,0,81715,123025,0
114761,10039,building index: loading tuples,7168,5839,0,81750,123025,0
114852,10039,building index: loading tuples,7168,5860,0,82048,123025,0
115620,10039,building index: loading tuples,7168,5862,0,82081,123025,0
115709,10039,building index: loading tuples,7168,5865,0,82115,123025,0
115800,10039,building index: loading tuples,7168,5868,0,82153,123025,0
115891,10039,building index: loading tuples,7168,5870,0,82190,123025,0
115983,10039,building index: loading tuples,7168,5873,0,82225,123025,0
116076,10039,building index: loading tuples,7168,5875,0,82263,123025,0
116169,10039,building index: loading tuples,7168,5878,0,82300,123025,0
116262,10039,building index: loading tuples,7168,5881,0,82338,123025,0
116352,10039,building index: loading tuples,7168,5883,0,82374,123025,0
116441,10039,building index: loading tuples,7168,5886,0,82409,123025,0
116531,10039,building index: loading tuples,7168,5889,0,82446,123025,0
116622,10039,building index: loading tuples,7168,5891,0,82481,123025,0
116715,10039,building index: loading tuples,7168,5894,0,82518,123025,0
116807,10039,building index: loading tuples,7168,5896,0,82556,123025,0
116901,10039,building index: loading tuples,7168,5899,0,82592,123025,0
116991,10039,building index: loading tuples,7168,5902,0,82629,123025,0
117080,10039,building index: loading tuples,7168,5904,0,82665,123025,0
117170,10039,building index: loading tuples,7168,5907,0,82699,123025,0
117260,10039,building index: loading tuples,7168,5909,0,82734,123025,0
117349,10039,building index: loading tuples,7168,5912,0,82768,123025,0
117438,10039,building index: loading tuples,7168,5914,0,82802,123025,0
117528,10039,building index: loading tuples,7168,5916,0,82837,123025,0
117617,10039,building index: loading tuples,7168,5919,0,82872,123025,0
117707,10039,building index: loading tuples,7168,5922,0,82909,123025,0
117794,10039,building index: loading tuples,7168,5924,0,82946,123025,0
118000,10039,building index: loading tuples,7168,5930,0,83027,123025,0
118090,10039,building index: loading tuples,7168,5933,0,83063,123025,0
118181,10039,building index: loading tuples,7168,5935,0,83099,123025,0
118273,10039,building index: loading tuples,7168,5938,0,83136,123025,0
118361,10039,building index: loading tuples,7168,5940,0,83172,123025,0
118450,10039,building index: loading tuples,7168,5943,0,83207,123025,0
118541,10039,building index: loading tuples,7168,5946,0,83245,123025,0
118634,10039,building index: loading tuples,7168,5948,0,83283,123025,0
118726,10039,building index: loading tuples,7168,5951,0,83317,123025,0
118814,10039,building index: loading tuples,7168,5953,0,83352,123025,0
118907,10039,building index: loading tuples,7168,5956,0,83385,123025,0
118995,10039,building index: loading tuples,7168,5958,0,83422,123025,0
119083,10039,building index: loading tuples,7168,5961,0,83457,123025,0
119173,10039,building index: loading tuples,7168,5963,0,83492,123025,0
119263,10039,building index: loading tuples,7168,5966,0,83529,123025,0
119353,10039,building index: loading tuples,7168,5968,0,83564,123025,0
119442,10039,building index: loading tuples,7168,5971,0,83595,123025,0
119532,10039,building index: loading tuples,7168,5973,0,83629,123025,0
119623,10039,building index: loading tuples,7168,5976,0,83667,123025,0
119713,10039,building index: loading tuples,7168,5978,0,83703,123025,0
119848,10039,building index: loading tuples,7168,5982,0,83759,123025,0
119939,10039,building index: loading tuples,7168,5985,0,83794,123025,0
120032,10039,building index: loading tuples,7168,5987,0,83826,123025,0
120124,10039,building index: loading tuples,7168,5990,0,83862,123025,0
120216,10039,building index: loading tuples,7168,5993,0,83902,123025,0
120307,10039,building index: loading tuples,7168,5995,0,83940,123025,0
120400,10039,building index: loading tuples,7168,5998,0,83972,123025,0
120489,10039,building index: loading tuples,7168,6000,0,84009,123025,0
120579,10039,building index: loading tuples,7168,6003,0,84045,123025,0
120671,10039,building index: loading tuples,7168,6005,0,84080,123025,0
120763,10039,building index: loading tuples,7168,6008,0,84114,123025,0
120852,10039,building index: loading tuples,7168,6010,0,84147,123025,0
120941,10039,building index: loading tuples,7168,6013,0,84183,123025,0
121032,10039,building index: loading tuples,7168,6015,0,84220,123025,0
121126,10039,building index: loading tuples,7168,6018,0,84258,123025,0
121216,10039,building index: loading tuples,7168,6020,0,84293,123025,0
121306,10039,building index: loading tuples,7168,6023,0,84330,123025,0
121398,10039,building index: loading tuples,7168,6026,0,84365,123025,0
121488,10039,building index: loading tuples,7168,6028,0,84403,123025,0
121578,10039,building index: loading tuples,7168,6031,0,84438,123025,0
121665,10039,building index: loading tuples,7168,6033,0,84474,123025,0
121783,10039,building index: loading tuples,7168,6037,0,84522,123025,0
121871,10039,building index: loading tuples,7168,6039,0,84555,123025,0
121959,10039,building index: loading tuples,7168,6042,0,84590,123025,0
122047,10039,building index: loading tuples,7168,6044,0,84623,123025,0
122137,10039,building index: loading tuples,7168,6046,0,84657,123025,0
122224,10039,building index: loading tuples,7168,6049,0,84694,123025,0
122313,10039,building index: loading tuples,7168,6052,0,84731,123025,0
122405,10039,building index: loading tuples,7168,6054,0,84766,123025,0
122495,10039,building index: loading tuples,7168,6057,0,84802,123025,0
122587,10039,building index: loading tuples,7168,6059,0,84836,123025,0
122678,10039,building index: loading tuples,7168,6062,0,84871,123025,0
122768,10039,building index: loading tuples,7168,6064,0,84904,123025,0
122858,10039,building index: loading tuples,7168,6067,0,84940,123025,0
122951,10039,building index: loading tuples,7168,6069,0,84975,123025,0
123044,10039,building index: loading tuples,7168,6072,0,85013,123025,0
123135,10039,building index: loading tuples,7168,6074,0,85047,123025,0
123227,10039,building index: loading tuples,7168,6077,0,85080,123025,0
123318,10039,building index: loading tuples,7168,6079,0,85117,123025,0
123410,10039,building index: loading tuples,7168,6082,0,85153,123025,0
123500,10039,building index: loading tuples,7168,6085,0,85192,123025,0
123592,10039,building index: loading tuples,7168,6087,0,85225,123025,0
123687,10039,building index: loading tuples,7168,6090,0,85262,123025,0
123812,10039,building index: loading tuples,7168,6093,0,85309,123025,0
123905,10039,building index: loading tuples,7168,6096,0,85348,123025,0
123997,10039,building index: loading tuples,7168,6099,0,85388,123025,0
124086,10039,building index: loading tuples,7168,6101,0,85426,123025,0
124178,10039,building index: loading tuples,7168,6104,0,85465,123025,0
124266,10039,building index: loading tuples,7168,6107,0,85503,123025,0
124358,10039,building index: loading tuples,7168,6109,0,85539,123025,0
124451,10039,building index: loading tuples,7168,6112,0,85579,123025,0
124542,10039,building index: loading tuples,7168,6115,0,85616,123025,0
124635,10039,building index: loading tuples,7168,6117,0,85651,123025,0
124727,10039,building index: loading tuples,7168,6120,0,85686,123025,0
124816,10039,building index: loading tuples,7168,6123,0,85723,123025,0
124911,10039,building index: loading tuples,7168,6125,0,85759,123025,0
125002,10039,building index: loading tuples,7168,6128,0,85794,123025,0
125091,10039,building index: loading tuples,7168,6130,0,85830,123025,0
125181,10039,building index: loading tuples,7168,6133,0,85868,123025,0
125275,10039,building index: loading tuples,7168,6136,0,85904,123025,0
125366,10039,building index: loading tuples,7168,6138,0,85937,123025,0
125458,10039,building index: loading tuples,7168,6140,0,85973,123025,0
125548,10039,building index: loading tuples,7168,6143,0,86006,123025,0
125637,10039,building index: loading tuples,7168,6145,0,86043,123025,0
125729,10039,building index: loading tuples,7168,6148,0,86082,123025,0
125818,10039,building index: loading tuples,7168,6151,0,86119,123025,0
125908,10039,building index: loading tuples,7168,6153,0,86153,123025,0
126000,10039,building index: loading tuples,7168,6156,0,86190,123025,0
126090,10039,building index: loading tuples,7168,6158,0,86224,123025,0
126181,10039,building index: loading tuples,7168,6161,0,86260,123025,0
126272,10039,building index: loading tuples,7168,6164,0,86296,123025,0
126362,10039,building index: loading tuples,7168,6166,0,86332,123025,0
126452,10039,building index: loading tuples,7168,6169,0,86368,123025,0
126541,10039,building index: loading tuples,7168,6171,0,86401,123025,0
126629,10039,building index: loading tuples,7168,6174,0,86438,123025,0
126718,10039,building index: loading tuples,7168,6176,0,86476,123025,0
126807,10039,building index: loading tuples,7168,6179,0,86515,123025,0
126899,10039,building index: loading tuples,7168,6182,0,86550,123025,0
126987,10039,building index: loading tuples,7168,6184,0,86583,123025,0
127075,10039,building index: loading tuples,7168,6186,0,86617,123025,0
127165,10039,building index: loading tuples,7168,6189,0,86653,123025,0
127254,10039,building index: loading tuples,7168,6192,0,86691,123025,0
127344,10039,building index: loading tuples,7168,6194,0,86729,123025,0
127434,10039,building index: loading tuples,7168,6197,0,86766,123025,0
127524,10039,building index: loading tuples,7168,6200,0,86802,123025,0
127615,10039,building index: loading tuples,7168,6202,0,86839,123025,0
127705,10039,building index: loading tuples,7168,6205,0,86875,123025,0
127797,10039,building index: loading tuples,7168,6208,0,86916,123025,0
127887,10039,building index: loading tuples,7168,6210,0,86952,123025,0
127979,10039,building index: loading tuples,7168,6213,0,86991,123025,0
128069,10039,building index: loading tuples,7168,6216,0,87029,123025,0
128160,10039,building index: loading tuples,7168,6218,0,87063,123025,0
128252,10039,building index: loading tuples,7168,6221,0,87098,123025,0
128344,10039,building index: loading tuples,7168,6223,0,87132,123025,0
128437,10039,building index: loading tuples,7168,6226,0,87168,123025,0
128527,10039,building index: loading tuples,7168,6228,0,87205,123025,0
128618,10039,building index: loading tuples,7168,6231,0,87239,123025,0
128751,10039,building index: loading tuples,7168,6235,0,87297,123025,0
128846,10039,building index: loading tuples,7168,6238,0,87338,123025,0
128938,10039,building index: loading tuples,7168,6240,0,87370,123025,0
129027,10039,building index: loading tuples,7168,6243,0,87409,123025,0
129118,10039,building index: loading tuples,7168,6246,0,87445,123025,0
129207,10039,building index: loading tuples,7168,6248,0,87479,123025,0
129300,10039,building index: loading tuples,7168,6251,0,87514,123025,0
129389,10039,building index: loading tuples,7168,6253,0,87550,123025,0
129485,10039,building index: loading tuples,7168,6256,0,87584,123025,0
129577,10039,building index: loading tuples,7168,6258,0,87620,123025,0
129671,10039,building index: loading tuples,7168,6261,0,87658,123025,0
130797,10039,building index: loading tuples,7168,6294,0,88118,123025,0
130892,10039,building index: loading tuples,7168,6296,0,88154,123025,0
130980,10039,building index: loading tuples,7168,6299,0,88192,123025,0
131071,10039,building index: loading tuples,7168,6301,0,88227,123025,0
131161,10039,building index: loading tuples,7168,6304,0,88263,123025,0
131251,10039,building index: loading tuples,7168,6307,0,88300,123025,0
131343,10039,building index: loading tuples,7168,6309,0,88337,123025,0
131435,10039,building index: loading tuples,7168,6312,0,88371,123025,0
131526,10039,building index: loading tuples,7168,6314,0,88406,123025,0
131617,10039,building index: loading tuples,7168,6317,0,88439,123025,0
131706,10039,building index: loading tuples,7168,6319,0,88473,123025,0
131796,10039,building index: loading tuples,7168,6322,0,88508,123025,0
131884,10039,building index: loading tuples,7168,6324,0,88543,123025,0
131976,10039,building index: loading tuples,7168,6327,0,88580,123025,0
132066,10039,building index: loading tuples,7168,6329,0,88616,123025,0
132158,10039,building index: loading tuples,7168,6332,0,88650,123025,0
132247,10039,building index: loading tuples,7168,6334,0,88683,123025,0
132338,10039,building index: loading tuples,7168,6337,0,88719,123025,0
132433,10039,building index: loading tuples,7168,6339,0,88753,123025,0
132522,10039,building index: loading tuples,7168,6342,0,88790,123025,0
132615,10039,building index: loading tuples,7168,6344,0,88823,123025,0
132712,10039,building index: loading tuples,7168,6347,0,88860,123025,0
132808,10039,building index: loading tuples,7168,6349,0,88894,123025,0
133355,10039,building index: loading tuples,7168,6364,0,89104,123025,0
133444,10039,building index: loading tuples,7168,6367,0,89141,123025,0
133536,10039,building index: loading tuples,7168,6369,0,89174,123025,0
133626,10039,building index: loading tuples,7168,6372,0,89213,123025,0
133719,10039,building index: loading tuples,7168,6375,0,89250,123025,0
133807,10039,building index: loading tuples,7168,6377,0,89284,123025,0
133898,10039,building index: loading tuples,7168,6380,0,89320,123025,0
133987,10039,building index: loading tuples,7168,6382,0,89354,123025,0
134077,10039,building index: loading tuples,7168,6385,0,89391,123025,0
134167,10039,building index: loading tuples,7168,6387,0,89425,123025,0
134258,10039,building index: loading tuples,7168,6390,0,89460,123025,0
134349,10039,building index: loading tuples,7168,6392,0,89494,123025,0
134437,10039,building index: loading tuples,7168,6395,0,89530,123025,0
134527,10039,building index: loading tuples,7168,6397,0,89564,123025,0
134619,10039,building index: loading tuples,7168,6399,0,89597,123025,0
134711,10039,building index: loading tuples,7168,6402,0,89632,123025,0
134802,10039,building index: loading tuples,7168,6404,0,89666,123025,0
134891,10039,building index: loading tuples,7168,6407,0,89706,123025,0
134981,10039,building index: loading tuples,7168,6410,0,89743,123025,0
135071,10039,building index: loading tuples,7168,6412,0,89778,123025,0
135161,10039,building index: loading tuples,7168,6415,0,89811,123025,0
135249,10039,building index: loading tuples,7168,6417,0,89846,123025,0
135342,10039,building index: loading tuples,7168,6420,0,89881,123025,0
135436,10039,building index: loading tuples,7168,6422,0,89915,123025,0
135531,10039,building index: loading tuples,7168,6425,0,89952,123025,0
135621,10039,building index: loading tuples,7168,6427,0,89985,123025,0
135712,10039,building index: loading tuples,7168,6429,0,90019,123025,0
135803,10039,building index: loading tuples,7168,6432,0,90055,123025,0
135895,10039,building index: loading tuples,7168,6434,0,90087,123025,0
135982,10039,building index: loading tuples,7168,6437,0,90120,123025,0
136071,10039,building index: loading tuples,7168,6439,0,90155,123025,0
136164,10039,building index: loading tuples,7168,6441,0,90187,123025,0
136253,10039,building index: loading tuples,7168,6444,0,90222,123025,0
136342,10039,building index: loading tuples,7168,6446,0,90257,123025,0
136432,10039,building index: loading tuples,7168,6449,0,90291,123025,0
136523,10039,building index: loading tuples,7168,6451,0,90326,123025,0
136612,10039,building index: loading tuples,7168,6454,0,90361,123025,0
136701,10039,building index: loading tuples,7168,6456,0,90397,123025,0
136788,10039,building index: loading tuples,7168,6459,0,90429,123025,0
136876,10039,building index: loading tuples,7168,6461,0,90462,123025,0
136964,10039,building index: loading tuples,7168,6464,0,90498,123025,0
137054,10039,building index: loading tuples,7168,6466,0,90534,123025,0
137146,10039,building index: loading tuples,7168,6469,0,90568,123025,0
137238,10039,building index: loading tuples,7168,6471,0,90600,123025,0
137326,10039,building index: loading tuples,7168,6474,0,90636,123025,0
137417,10039,building index: loading tuples,7168,6476,0,90672,123025,0
137507,10039,building index: loading tuples,7168,6479,0,90707,123025,0
137597,10039,building index: loading tuples,7168,6481,0,90744,123025,0
137686,10039,building index: loading tuples,7168,6484,0,90777,123025,0
137775,10039,building index: loading tuples,7168,6486,0,90811,123025,0
137865,10039,building index: loading tuples,7168,6489,0,90846,123025,0
137957,10039,building index: loading tuples,7168,6491,0,90882,123025,0
138047,10039,building index: loading tuples,7168,6494,0,90917,123025,0
138136,10039,building index: loading tuples,7168,6496,0,90951,123025,0
138227,10039,building index: loading tuples,7168,6498,0,90985,123025,0
138316,10039,building index: loading tuples,7168,6501,0,91014,123025,0
138408,10039,building index: loading tuples,7168,6503,0,91049,123025,0
138497,10039,building index: loading tuples,7168,6505,0,91083,123025,0
138587,10039,building index: loading tuples,7168,6508,0,91117,123025,0
138677,10039,building index: loading tuples,7168,6510,0,91153,123025,0
138767,10039,building index: loading tuples,7168,6513,0,91191,123025,0
138857,10039,building index: loading tuples,7168,6516,0,91225,123025,0
138944,10039,building index: loading tuples,7168,6518,0,91260,123025,0
139033,10039,building index: loading tuples,7168,6520,0,91293,123025,0
139124,10039,building index: loading tuples,7168,6523,0,91329,123025,0
139214,10039,building index: loading tuples,7168,6526,0,91364,123025,0
139305,10039,building index: loading tuples,7168,6528,0,91396,123025,0
139396,10039,building index: loading tuples,7168,6530,0,91430,123025,0
139487,10039,building index: loading tuples,7168,6533,0,91465,123025,0
139577,10039,building index: loading tuples,7168,6535,0,91501,123025,0
139668,10039,building index: loading tuples,7168,6538,0,91536,123025,0
139762,10039,building index: loading tuples,7168,6540,0,91573,123025,0
139854,10039,building index: loading tuples,7168,6543,0,91605,123025,0
139943,10039,building index: loading tuples,7168,6545,0,91640,123025,0
140034,10039,building index: loading tuples,7168,6548,0,91673,123025,0
140125,10039,building index: loading tuples,7168,6550,0,91709,123025,0
140216,10039,building index: loading tuples,7168,6553,0,91746,123025,0
140308,10039,building index: loading tuples,7168,6555,0,91779,123025,0
140401,10039,building index: loading tuples,7168,6558,0,91814,123025,0
140492,10039,building index: loading tuples,7168,6560,0,91850,123025,0
140582,10039,building index: loading tuples,7168,6563,0,91885,123025,0
140673,10039,building index: loading tuples,7168,6565,0,91917,123025,0
140767,10039,building index: loading tuples,7168,6568,0,91953,123025,0
140857,10039,building index: loading tuples,7168,6570,0,91988,123025,0
140950,10039,building index: loading tuples,7168,6573,0,92025,123025,0
141043,10039,building index: loading tuples,7168,6575,0,92057,123025,0
141137,10039,building index: loading tuples,7168,6577,0,92088,123025,0
141237,10039,building index: loading tuples,7168,6580,0,92122,123025,0
141351,10039,building index: loading tuples,7168,6582,0,92153,123025,0
141446,10039,building index: loading tuples,7168,6584,0,92186,123025,0
141546,10039,building index: loading tuples,7168,6587,0,92220,123025,0
141643,10039,building index: loading tuples,7168,6589,0,92254,123025,0
141747,10039,building index: loading tuples,7168,6591,0,92287,123025,0
141852,10039,building index: loading tuples,7168,6594,0,92318,123025,0
141974,10039,building index: loading tuples,7168,6596,0,92350,123025,0
142064,10039,building index: loading tuples,7168,6598,0,92384,123025,0
142153,10039,building index: loading tuples,7168,6601,0,92418,123025,0
142243,10039,building index: loading tuples,7168,6603,0,92451,123025,0
142336,10039,building index: loading tuples,7168,6606,0,92484,123025,0
142427,10039,building index: loading tuples,7168,6608,0,92515,123025,0
142519,10039,building index: loading tuples,7168,6610,0,92549,123025,0
142613,10039,building index: loading tuples,7168,6613,0,92585,123025,0
142705,10039,building index: loading tuples,7168,6615,0,92619,123025,0
142795,10039,building index: loading tuples,7168,6618,0,92653,123025,0
142886,10039,building index: loading tuples,7168,6620,0,92686,123025,0
142977,10039,building index: loading tuples,7168,6622,0,92719,123025,0
143065,10039,building index: loading tuples,7168,6625,0,92755,123025,0
143153,10039,building index: loading tuples,7168,6627,0,92789,123025,0
143243,10039,building index: loading tuples,7168,6630,0,92821,123025,0
143333,10039,building index: loading tuples,7168,6632,0,92855,123025,0
143425,10039,building index: loading tuples,7168,6634,0,92889,123025,0
143515,10039,building index: loading tuples,7168,6637,0,92923,123025,0
143603,10039,building index: loading tuples,7168,6639,0,92955,123025,0
143694,10039,building index: loading tuples,7168,6642,0,92991,123025,0
143807,10039,building index: loading tuples,7168,6645,0,93034,123025,0
143898,10039,building index: loading tuples,7168,6647,0,93066,123025,0
143989,10039,building index: loading tuples,7168,6650,0,93100,123025,0
144078,10039,building index: loading tuples,7168,6652,0,93136,123025,0
144168,10039,building index: loading tuples,7168,6654,0,93169,123025,0
144258,10039,building index: loading tuples,7168,6657,0,93203,123025,0
144350,10039,building index: loading tuples,7168,6659,0,93238,123025,0
144442,10039,building index: loading tuples,7168,6662,0,93271,123025,0
144532,10039,building index: loading tuples,7168,6664,0,93304,123025,0
144634,10039,building index: loading tuples,7168,6666,0,93336,123025,0
144724,10039,building index: loading tuples,7168,6669,0,93369,123025,0
144816,10039,building index: loading tuples,7168,6671,0,93405,123025,0
144910,10039,building index: loading tuples,7168,6674,0,93438,123025,0
145003,10039,building index: loading tuples,7168,6676,0,93471,123025,0
145094,10039,building index: loading tuples,7168,6679,0,93506,123025,0
145185,10039,building index: loading tuples,7168,6681,0,93538,123025,0
145275,10039,building index: loading tuples,7168,6683,0,93573,123025,0
145367,10039,building index: loading tuples,7168,6686,0,93607,123025,0
145458,10039,building index: loading tuples,7168,6688,0,93638,123025,0
145549,10039,building index: loading tuples,7168,6690,0,93673,123025,0
145639,10039,building index: loading tuples,7168,6693,0,93705,123025,0
145728,10039,building index: loading tuples,7168,6695,0,93739,123025,0
145820,10039,building index: loading tuples,7168,6698,0,93773,123025,0
145910,10039,building index: loading tuples,7168,6700,0,93806,123025,0
146000,10039,building index: loading tuples,7168,6702,0,93841,123025,0
146092,10039,building index: loading tuples,7168,6705,0,93876,123025,0
146183,10039,building index: loading tuples,7168,6707,0,93910,123025,0
146274,10039,building index: loading tuples,7168,6710,0,93945,123025,0
146365,10039,building index: loading tuples,7168,6712,0,93977,123025,0
146457,10039,building index: loading tuples,7168,6715,0,94011,123025,0
146547,10039,building index: loading tuples,7168,6717,0,94043,123025,0
146638,10039,building index: loading tuples,7168,6719,0,94075,123025,0
146728,10039,building index: loading tuples,7168,6722,0,94108,123025,0
146817,10039,building index: loading tuples,7168,6724,0,94142,123025,0
146910,10039,building index: loading tuples,7168,6726,0,94174,123025,0
147003,10039,building index: loading tuples,7168,6729,0,94206,123025,0
147094,10039,building index: loading tuples,7168,6731,0,94242,123025,0
147187,10039,building index: loading tuples,7168,6734,0,94278,123025,0
147277,10039,building index: loading tuples,7168,6736,0,94315,123025,0
147367,10039,building index: loading tuples,7168,6739,0,94351,123025,0
147458,10039,building index: loading tuples,7168,6741,0,94387,123025,0
147549,10039,building index: loading tuples,7168,6744,0,94420,123025,0
147640,10039,building index: loading tuples,7168,6746,0,94456,123025,0
147731,10039,building index: loading tuples,7168,6749,0,94489,123025,0
147824,10039,building index: loading tuples,7168,6751,0,94522,123025,0
147912,10039,building index: loading tuples,7168,6776,0,94866,123025,0
148787,10039,building index: loading tuples,7168,6778,0,94899,123025,0
148878,10039,building index: loading tuples,7168,6781,0,94934,123025,0
148970,10039,building index: loading tuples,7168,6783,0,94969,123025,0
149062,10039,building index: loading tuples,7168,6785,0,95003,123025,0
149152,10039,building index: loading tuples,7168,6788,0,95037,123025,0
149242,10039,building index: loading tuples,7168,6790,0,95073,123025,0
149332,10039,building index: loading tuples,7168,6793,0,95107,123025,0
149421,10039,building index: loading tuples,7168,6795,0,95141,123025,0
149511,10039,building index: loading tuples,7168,6798,0,95178,123025,0
149603,10039,building index: loading tuples,7168,6801,0,95214,123025,0
149696,10039,building index: loading tuples,7168,6803,0,95248,123025,0
149787,10039,building index: loading tuples,7168,6805,0,95282,123025,0
149877,10039,building index: loading tuples,7168,6808,0,95316,123025,0
149969,10039,building index: loading tuples,7168,6810,0,95351,123025,0
150059,10039,building index: loading tuples,7168,6813,0,95384,123025,0
150151,10039,building index: loading tuples,7168,6815,0,95419,123025,0
150242,10039,building index: loading tuples,7168,6818,0,95454,123025,0
150335,10039,building index: loading tuples,7168,6820,0,95487,123025,0
150425,10039,building index: loading tuples,7168,6823,0,95522,123025,0
150516,10039,building index: loading tuples,7168,6825,0,95554,123025,0
150617,10039,building index: loading tuples,7168,6827,0,95585,123025,0
150712,10039,building index: loading tuples,7168,6829,0,95619,123025,0
150802,10039,building index: loading tuples,7168,6832,0,95651,123025,0
150893,10039,building index: loading tuples,7168,6834,0,95683,123025,0
150981,10039,building index: loading tuples,7168,6837,0,95718,123025,0
151070,10039,building index: loading tuples,7168,6839,0,95752,123025,0
151159,10039,building index: loading tuples,7168,6841,0,95786,123025,0
151252,10039,building index: loading tuples,7168,6844,0,95823,123025,0
151341,10039,building index: loading tuples,7168,6846,0,95856,123025,0
151430,10039,building index: loading tuples,7168,6849,0,95891,123025,0
151524,10039,building index: loading tuples,7168,6852,0,95928,123025,0
151615,10039,building index: loading tuples,7168,6854,0,95962,123025,0
151704,10039,building index: loading tuples,7168,6856,0,95996,123025,0
151795,10039,building index: loading tuples,7168,6859,0,96031,123025,0
151888,10039,building index: loading tuples,7168,6861,0,96066,123025,0
151982,10039,building index: loading tuples,7168,6864,0,96099,123025,0
152075,10039,building index: loading tuples,7168,6866,0,96131,123025,0
152168,10039,building index: loading tuples,7168,6868,0,96164,123025,0
152258,10039,building index: loading tuples,7168,6871,0,96197,123025,0
152345,10039,building index: loading tuples,7168,6873,0,96230,123025,0
152436,10039,building index: loading tuples,7168,6876,0,96265,123025,0
152526,10039,building index: loading tuples,7168,6878,0,96297,123025,0
152617,10039,building index: loading tuples,7168,6880,0,96329,123025,0
152705,10039,building index: loading tuples,7168,6882,0,96361,123025,0
152797,10039,building index: loading tuples,7168,6885,0,96395,123025,0
152884,10039,building index: loading tuples,7168,6887,0,96430,123025,0
152974,10039,building index: loading tuples,7168,6890,0,96465,123025,0
153063,10039,building index: loading tuples,7168,6892,0,96497,123025,0
153152,10039,building index: loading tuples,7168,6894,0,96529,123025,0
153242,10039,building index: loading tuples,7168,6897,0,96562,123025,0
153330,10039,building index: loading tuples,7168,6899,0,96593,123025,0
153419,10039,building index: loading tuples,7168,6901,0,96623,123025,0
153508,10039,building index: loading tuples,7168,6904,0,96658,123025,0
153597,10039,building index: loading tuples,7168,6906,0,96692,123025,0
153692,10039,building index: loading tuples,7168,6909,0,96727,123025,0
153785,10039,building index: loading tuples,7168,6911,0,96758,123025,0
153879,10039,building index: loading tuples,7168,6913,0,96788,123025,0
153970,10039,building index: loading tuples,7168,6915,0,96820,123025,0
154061,10039,building index: loading tuples,7168,6918,0,96854,123025,0
154149,10039,building index: loading tuples,7168,6920,0,96889,123025,0
154239,10039,building index: loading tuples,7168,6923,0,96926,123025,0
154329,10039,building index: loading tuples,7168,6925,0,96959,123025,0
154419,10039,building index: loading tuples,7168,6927,0,96989,123025,0
154507,10039,building index: loading tuples,7168,6930,0,97022,123025,0
154599,10039,building index: loading tuples,7168,6932,0,97055,123025,0
154692,10039,building index: loading tuples,7168,6934,0,97089,123025,0
154782,10039,building index: loading tuples,7168,6937,0,97121,123025,0
154870,10039,building index: loading tuples,7168,6939,0,97151,123025,0
154960,10039,building index: loading tuples,7168,6941,0,97185,123025,0
155049,10039,building index: loading tuples,7168,6944,0,97217,123025,0
155140,10039,building index: loading tuples,7168,6946,0,97253,123025,0
155229,10039,building index: loading tuples,7168,6949,0,97288,123025,0
155318,10039,building index: loading tuples,7168,6951,0,97318,123025,0
155409,10039,building index: loading tuples,7168,6953,0,97347,123025,0
155497,10039,building index: loading tuples,7168,6955,0,97381,123025,0
155587,10039,building index: loading tuples,7168,6958,0,97414,123025,0
155678,10039,building index: loading tuples,7168,6960,0,97451,123025,0
155767,10039,building index: loading tuples,7168,6963,0,97487,123025,0
155859,10039,building index: loading tuples,7168,6965,0,97521,123025,0
155953,10039,building index: loading tuples,7168,6968,0,97554,123025,0
156044,10039,building index: loading tuples,7168,6970,0,97587,123025,0
156133,10039,building index: loading tuples,7168,6972,0,97621,123025,0
156226,10039,building index: loading tuples,7168,6975,0,97655,123025,0
156316,10039,building index: loading tuples,7168,6977,0,97687,123025,0
156408,10039,building index: loading tuples,7168,6980,0,97720,123025,0
156496,10039,building index: loading tuples,7168,6982,0,97750,123025,0
156584,10039,building index: loading tuples,7168,6984,0,97784,123025,0
156673,10039,building index: loading tuples,7168,6987,0,97819,123025,0
156760,10039,building index: loading tuples,7168,6989,0,97854,123025,0
156849,10039,building index: loading tuples,7168,6992,0,97890,123025,0
156936,10039,building index: loading tuples,7168,6994,0,97926,123025,0
157026,10039,building index: loading tuples,7168,6997,0,97958,123025,0
157115,10039,building index: loading tuples,7168,6999,0,97992,123025,0
157202,10039,building index: loading tuples,7168,7002,0,98028,123025,0
157292,10039,building index: loading tuples,7168,7004,0,98061,123025,0
157380,10039,building index: loading tuples,7168,7006,0,98092,123025,0
157470,10039,building index: loading tuples,7168,7009,0,98126,123025,0
157557,10039,building index: loading tuples,7168,7011,0,98160,123025,0
157646,10039,building index: loading tuples,7168,7013,0,98195,123025,0
157735,10039,building index: loading tuples,7168,7015,0,98223,123025,0
157825,10039,building index: loading tuples,7168,7018,0,98254,123025,0
157916,10039,building index: loading tuples,7168,7020,0,98286,123025,0
158008,10039,building index: loading tuples,7168,7022,0,98319,123025,0
158098,10039,building index: loading tuples,7168,7025,0,98353,123025,0
158190,10039,building index: loading tuples,7168,7027,0,98387,123025,0
158279,10039,building index: loading tuples,7168,7029,0,98418,123025,0
158367,10039,building index: loading tuples,7168,7032,0,98454,123025,0
158457,10039,building index: loading tuples,7168,7034,0,98484,123025,0
158549,10039,building index: loading tuples,7168,7037,0,98519,123025,0
158639,10039,building index: loading tuples,7168,7039,0,98553,123025,0
158729,10039,building index: loading tuples,7168,7042,0,98588,123025,0
158818,10039,building index: loading tuples,7168,7044,0,98621,123025,0
158909,10039,building index: loading tuples,7168,7046,0,98651,123025,0
158999,10039,building index: loading tuples,7168,7048,0,98684,123025,0
159090,10039,building index: loading tuples,7168,7051,0,98719,123025,0
159181,10039,building index: loading tuples,7168,7053,0,98752,123025,0
159270,10039,building index: loading tuples,7168,7056,0,98784,123025,0
159362,10039,building index: loading tuples,7168,7058,0,98819,123025,0
159450,10039,building index: loading tuples,7168,7060,0,98853,123025,0
159534,10039,building index: loading tuples,7168,7064,0,98898,123025,0
159623,10039,building index: loading tuples,7168,7066,0,98931,123025,0
159716,10039,building index: loading tuples,7168,7068,0,98965,123025,0
159809,10039,building index: loading tuples,7168,7071,0,99000,123025,0
159899,10039,building index: loading tuples,7168,7073,0,99031,123025,0
159990,10039,building index: loading tuples,7168,7076,0,99066,123025,0
160080,10039,building index: loading tuples,7168,7078,0,99101,123025,0
160171,10039,building index: loading tuples,7168,7081,0,99134,123025,0
160262,10039,building index: loading tuples,7168,7083,0,99169,123025,0
160353,10039,building index: loading tuples,7168,7086,0,99205,123025,0
160444,10039,building index: loading tuples,7168,7088,0,99237,123025,0
160534,10039,building index: loading tuples,7168,7090,0,99271,123025,0
160624,10039,building index: loading tuples,7168,7093,0,99307,123025,0
160716,10039,building index: loading tuples,7168,7096,0,99344,123025,0
160804,10039,building index: loading tuples,7168,7098,0,99381,123025,0
160894,10039,building index: loading tuples,7168,7101,0,99415,123025,0
160983,10039,building index: loading tuples,7168,7103,0,99448,123025,0
161076,10039,building index: loading tuples,7168,7106,0,99485,123025,0
161166,10039,building index: loading tuples,7168,7108,0,99521,123025,0
161257,10039,building index: loading tuples,7168,7111,0,99556,123025,0
161346,10039,building index: loading tuples,7168,7113,0,99592,123025,0
161437,10039,building index: loading tuples,7168,7116,0,99624,123025,0
161531,10039,building index: loading tuples,7168,7118,0,99654,123025,0
161621,10039,building index: loading tuples,7168,7120,0,99686,123025,0
161715,10039,building index: loading tuples,7168,7122,0,99720,123025,0
161805,10039,building index: loading tuples,7168,7125,0,99754,123025,0
162136,10039,building index: loading tuples,7168,7134,0,99884,123025,0
162224,10039,building index: loading tuples,7168,7136,0,99916,123025,0
162316,10039,building index: loading tuples,7168,7139,0,99947,123025,0
162406,10039,building index: loading tuples,7168,7141,0,99980,123025,0
162496,10039,building index: loading tuples,7168,7168,0,100000,123025,0
162591,10039,building index: loading tuples,7168,7168,0,100000,123025,0
162682,10039,building index: loading tuples,7168,7168,0,100000,123025,0
162781,10039,building index: loading tuples,7168,7168,0,100000,123025,0
