elapsed_ms,pid,phase,blocks_total,blocks_done,tuples_total,tuples_done,relid,index_relid
0,22788,building index: loading tuples,7168,0,0,0,69224,0
59,22788,building index: loading tuples,7168,29,0,418,69224,0
119,22788,building index: loading tuples,7168,53,0,750,69224,0
178,22788,building index: loading tuples,7168,75,0,1059,69224,0
238,22788,building index: loading tuples,7168,96,0,1357,69224,0
298,22788,building index: loading tuples,7168,117,0,1640,69224,0
358,22788,building index: loading tuples,7168,136,0,1916,69224,0
418,22788,building index: loading tuples,7168,156,0,2192,69224,0
478,22788,building index: loading tuples,7168,175,0,2459,69224,0
538,22788,building index: loading tuples,7168,194,0,2721,69224,0
598,22788,building index: loading tuples,7168,212,0,2979,69224,0
658,22788,building index: loading tuples,7168,230,0,3233,69224,0
718,22788,building index: loading tuples,7168,248,0,3483,69224,0
777,22788,building index: loading tuples,7168,266,0,3732,69224,0
837,22788,building index: loading tuples,7168,284,0,3980,69224,0
897,22788,building index: loading tuples,7168,301,0,4225,69224,0
958,22788,building index: loading tuples,7168,319,0,4470,69224,0
1017,22788,building index: loading tuples,7168,337,0,4729,69224,0
1078,22788,building index: loading tuples,7168,356,0,4987,69224,0
1138,22788,building index: loading tuples,7168,374,0,5240,69224,0
1198,22788,building index: loading tuples,7168,392,0,5494,69224,0
1258,22788,building index: loading tuples,7168,410,0,5746,69224,0
1319,22788,building index: loading tuples,7168,428,0,6002,69224,0
1378,22788,building index: loading tuples,7168,446,0,6253,69224,0
1439,22788,building index: loading tuples,7168,464,0,6506,69224,0
1499,22788,building index: loading tuples,7168,482,0,6752,69224,0
1559,22788,building index: loading tuples,7168,500,0,7003,69224,0
1620,22788,building index: loading tuples,7168,517,0,7246,69224,0
1680,22788,building index: loading tuples,7168,535,0,7494,69224,0
1740,22788,building index: loading tuples,7168,552,0,7734,69224,0
1801,22788,building index: loading tuples,7168,570,0,7983,69224,0
1860,22788,building index: loading tuples,7168,587,0,8224,69224,0
1921,22788,building index: loading tuples,7168,604,0,8457,69224,0
1980,22788,building index: loading tuples,7168,621,0,8697,69224,0
2040,22788,building index: loading tuples,7168,637,0,8924,69224,0
2100,22788,building index: loading tuples,7168,652,0,9135,69224,0
2161,22788,building index: loading tuples,7168,668,0,9357,69224,0
2221,22788,building index: loading tuples,7168,683,0,9571,69224,0
2282,22788,building index: loading tuples,7168,698,0,9783,69224,0
2343,22788,building index: loading tuples,7168,715,0,10010,69224,0
2405,22788,building index: loading tuples,7168,730,0,10229,69224,0
2465,22788,building index: loading tuples,7168,746,0,10448,69224,0
2526,22788,building index: loading tuples,7168,760,0,10643,69224,0
2588,22788,building index: loading tuples,7168,774,0,10842,69224,0
2648,22788,building index: loading tuples,7168,789,0,11053,69224,0
2709,22788,building index: loading tuples,7168,803,0,11252,69224,0
2768,22788,building index: loading tuples,7168,818,0,11452,69224,0
2830,22788,building index: loading tuples,7168,832,0,11651,69224,0
2890,22788,building index: loading tuples,7168,846,0,11851,69224,0
2952,22788,building index: loading tuples,7168,860,0,12052,69224,0
3012,22788,building index: loading tuples,7168,875,0,12252,69224,0
3074,22788,building index: loading tuples,7168,889,0,12448,69224,0
3134,22788,building index: loading tuples,7168,902,0,12629,69224,0
3193,22788,building index: loading tuples,7168,915,0,12823,69224,0
3253,22788,building index: loading tuples,7168,929,0,13007,69224,0
3315,22788,building index: loading tuples,7168,942,0,13198,69224,0
3375,22788,building index: loading tuples,7168,956,0,13384,69224,0
3436,22788,building index: loading tuples,7168,969,0,13567,69224,0
3497,22788,building index: loading tuples,7168,982,0,13754,69224,0
3558,22788,building index: loading tuples,7168,995,0,13934,69224,0
3618,22788,building index: loading tuples,7168,1008,0,14112,69224,0
3678,22788,building index: loading tuples,7168,1021,0,14295,69224,0
3739,22788,building index: loading tuples,7168,1033,0,14475,69224,0
3798,22788,building index: loading tuples,7168,1047,0,14668,69224,0
3859,22788,building index: loading tuples,7168,1060,0,14850,69224,0
3919,22788,building index: loading tuples,7168,1074,0,15044,69224,0
3980,22788,building index: loading tuples,7168,1087,0,15221,69224,0
4040,22788,building index: loading tuples,7168,1100,0,15401,69224,0
4100,22788,building index: loading tuples,7168,1113,0,15586,69224,0
4161,22788,building index: loading tuples,7168,1126,0,15770,69224,0
4221,22788,building index: loading tuples,7168,1139,0,15948,69224,0
4282,22788,building index: loading tuples,7168,1152,0,16132,69224,0
4342,22788,building index: loading tuples,7168,1165,0,16314,69224,0
4404,22788,building index: loading tuples,7168,1178,0,16492,69224,0
4464,22788,building index: loading tuples,7168,1189,0,16657,69224,0
4524,22788,building index: loading tuples,7168,1203,0,16842,69224,0
4585,22788,building index: loading tuples,7168,1215,0,17017,69224,0
4645,22788,building index: loading tuples,7168,1228,0,17193,69224,0
4706,22788,building index: loading tuples,7168,1240,0,17369,69224,0
4766,22788,building index: loading tuples,7168,1252,0,17533,69224,0
4827,22788,building index: loading tuples,7168,1264,0,17700,69224,0
4887,22788,building index: loading tuples,7168,1276,0,17872,69224,0
4949,22788,building index: loading tuples,7168,1287,0,18025,69224,0
5011,22788,building index: loading tuples,7168,1298,0,18185,69224,0
5073,22788,building index: loading tuples,7168,1311,0,18355,69224,0
5135,22788,building index: loading tuples,7168,1323,0,18532,69224,0
5197,22788,building index: loading tuples,7168,1335,0,18701,69224,0
5259,22788,building index: loading tuples,7168,1348,0,18877,69224,0
5321,22788,building index: loading tuples,7168,1360,0,19051,69224,0
5383,22788,building index: loading tuples,7168,1373,0,19227,69224,0
5445,22788,building index: loading tuples,7168,1386,0,19405,69224,0
5507,22788,building index: loading tuples,7168,1399,0,19586,69224,0
5570,22788,building index: loading tuples,7168,1411,0,19764,69224,0
5632,22788,building index: loading tuples,7168,1423,0,19934,69224,0
5694,22788,building index: loading tuples,7168,1436,0,20106,69224,0
5756,22788,building index: loading tuples,7168,1448,0,20278,69224,0
5818,22788,building index: loading tuples,7168,1460,0,20448,69224,0
5880,22788,building index: loading tuples,7168,1472,0,20619,69224,0
5942,22788,building index: loading tuples,7168,1485,0,20795,69224,0
6004,22788,building index: loading tuples,7168,1498,0,20976,69224,0
6065,22788,building index: loading tuples,7168,1510,0,21146,69224,0
6127,22788,building index: loading tuples,7168,1522,0,21315,69224,0
6189,22788,building index: loading tuples,7168,1534,0,21488,69224,0
6250,22788,building index: loading tuples,7168,1546,0,21644,69224,0
6311,22788,building index: loading tuples,7168,1557,0,21801,69224,0
6372,22788,building index: loading tuples,7168,1570,0,21980,69224,0
6433,22788,building index: loading tuples,7168,1583,0,22165,69224,0
6493,22788,building index: loading tuples,7168,1595,0,22334,69224,0
6554,22788,building index: loading tuples,7168,1607,0,22506,69224,0
6618,22788,building index: loading tuples,7168,1619,0,22668,69224,0
6680,22788,building index: loading tuples,7168,1630,0,22831,69224,0
6741,22788,building index: loading tuples,7168,1642,0,22993,69224,0
6801,22788,building index: loading tuples,7168,1654,0,23156,69224,0
6862,22788,building index: loading tuples,7168,1665,0,23313,69224,0
6923,22788,building index: loading tuples,7168,1677,0,23488,69224,0
6983,22788,building index: loading tuples,7168,1693,0,23704,69224,0
7043,22788,building index: loading tuples,7168,1707,0,23899,69224,0
7103,22788,building index: loading tuples,7168,1719,0,24076,69224,0
7163,22788,building index: loading tuples,7168,1733,0,24263,69224,0
7223,22788,building index: loading tuples,7168,1746,0,24449,69224,0
7284,22788,building index: loading tuples,7168,1759,0,24639,69224,0
7345,22788,building index: loading tuples,7168,1772,0,24815,69224,0
7405,22788,building index: loading tuples,7168,1785,0,24992,69224,0
7466,22788,building index: loading tuples,7168,1797,0,25167,69224,0
7526,22788,building index: loading tuples,7168,1809,0,25327,69224,0
7587,22788,building index: loading tuples,7168,1820,0,25493,69224,0
7647,22788,building index: loading tuples,7168,1832,0,25660,69224,0
7708,22788,building index: loading tuples,7168,1844,0,25819,69224,0
7769,22788,building index: loading tuples,7168,1856,0,25985,69224,0
7831,22788,building index: loading tuples,7168,1868,0,26156,69224,0
7891,22788,building index: loading tuples,7168,1880,0,26323,69224,0
7952,22788,building index: loading tuples,7168,1891,0,26482,69224,0
8012,22788,building index: loading tuples,7168,1903,0,26648,69224,0
8073,22788,building index: loading tuples,7168,1915,0,26816,69224,0
8133,22788,building index: loading tuples,7168,1926,0,26965,69224,0
8194,22788,building index: loading tuples,7168,1937,0,27124,69224,0
8254,22788,building index: loading tuples,7168,1949,0,27295,69224,0
8316,22788,building index: loading tuples,7168,1961,0,27456,69224,0
8377,22788,building index: loading tuples,7168,1973,0,27624,69224,0
8437,22788,building index: loading tuples,7168,1984,0,27788,69224,0
8498,22788,building index: loading tuples,7168,1996,0,27949,69224,0
8558,22788,building index: loading tuples,7168,2007,0,28107,69224,0
8618,22788,building index: loading tuples,7168,2018,0,28261,69224,0
8679,22788,building index: loading tuples,7168,2030,0,28424,69224,0
8741,22788,building index: loading tuples,7168,2041,0,28577,69224,0
8801,22788,building index: loading tuples,7168,2052,0,28736,69224,0
8861,22788,building index: loading tuples,7168,2064,0,28897,69224,0
8922,22788,building index: loading tuples,7168,2075,0,29051,69224,0
8982,22788,building index: loading tuples,7168,2086,0,29216,69224,0
9042,22788,building index: loading tuples,7168,2098,0,29379,69224,0
9102,22788,building index: loading tuples,7168,2110,0,29541,69224,0
9161,22788,building index: loading tuples,7168,2122,0,29709,69224,0
9222,22788,building index: loading tuples,7168,2133,0,29870,69224,0
9282,22788,building index: loading tuples,7168,2148,0,30079,69224,0
9341,22788,building index: loading tuples,7168,2163,0,30294,69224,0
9400,22788,building index: loading tuples,7168,2177,0,30479,69224,0
9460,22788,building index: loading tuples,7168,2189,0,30656,69224,0
9519,22788,building index: loading tuples,7168,2202,0,30838,69224,0
9580,22788,building index: loading tuples,7168,2214,0,31004,69224,0
9641,22788,building index: loading tuples,7168,2225,0,31161,69224,0
9701,22788,building index: loading tuples,7168,2236,0,31313,69224,0
9760,22788,building index: loading tuples,7168,2248,0,31476,69224,0
9820,22788,building index: loading tuples,7168,2258,0,31622,69224,0
9879,22788,building index: loading tuples,7168,2269,0,31771,69224,0
9939,22788,building index: loading tuples,7168,2279,0,31916,69224,0
9999,22788,building index: loading tuples,7168,2290,0,32065,69224,0
10059,22788,building index: loading tuples,7168,2300,0,32208,69224,0
10119,22788,building index: loading tuples,7168,2310,0,32350,69224,0
10178,22788,building index: loading tuples,7168,2320,0,32491,69224,0
10238,22788,building index: loading tuples,7168,2330,0,32633,69224,0
10298,22788,building index: loading tuples,7168,2340,0,32768,69224,0
10358,22788,building index: loading tuples,7168,2350,0,32911,69224,0
10418,22788,building index: loading tuples,7168,2361,0,33054,69224,0
10478,22788,building index: loading tuples,7168,2371,0,33194,69224,0
10538,22788,building index: loading tuples,7168,2381,0,33336,69224,0
10599,22788,building index: loading tuples,7168,2390,0,33464,69224,0
10660,22788,building index: loading tuples,7168,2400,0,33601,69224,0
10720,22788,building index: loading tuples,7168,2409,0,33737,69224,0
10780,22788,building index: loading tuples,7168,2419,0,33872,69224,0
10839,22788,building index: loading tuples,7168,2429,0,34008,69224,0
10898,22788,building index: loading tuples,7168,2439,0,34149,69224,0
10957,22788,building index: loading tuples,7168,2449,0,34292,69224,0
11016,22788,building index: loading tuples,7168,2459,0,34434,69224,0
11078,22788,building index: loading tuples,7168,2469,0,34578,69224,0
11139,22788,building index: loading tuples,7168,2479,0,34718,69224,0
11198,22788,building index: loading tuples,7168,2490,0,34860,69224,0
11259,22788,building index: loading tuples,7168,2500,0,35002,69224,0
11319,22788,building index: loading tuples,7168,2510,0,35140,69224,0
11378,22788,building index: loading tuples,7168,2520,0,35285,69224,0
11438,22788,building index: loading tuples,7168,2530,0,35431,69224,0
11497,22788,building index: loading tuples,7168,2540,0,35573,69224,0
11557,22788,building index: loading tuples,7168,2551,0,35720,69224,0
11618,22788,building index: loading tuples,7168,2561,0,35867,69224,0
11677,22788,building index: loading tuples,7168,2572,0,36014,69224,0
11738,22788,building index: loading tuples,7168,2583,0,36168,69224,0
11797,22788,building index: loading tuples,7168,2595,0,36333,69224,0
11856,22788,building index: loading tuples,7168,2606,0,36494,69224,0
11916,22788,building index: loading tuples,7168,2617,0,36643,69224,0
11975,22788,building index: loading tuples,7168,2628,0,36794,69224,0
12035,22788,building index: loading tuples,7168,2638,0,36942,69224,0
12094,22788,building index: loading tuples,7168,2649,0,37087,69224,0
12154,22788,building index: loading tuples,7168,2658,0,37225,69224,0
12213,22788,building index: loading tuples,7168,2668,0,37361,69224,0
12273,22788,building index: loading tuples,7168,2678,0,37497,69224,0
12332,22788,building index: loading tuples,7168,2690,0,37664,69224,0
12392,22788,building index: loading tuples,7168,2707,0,37900,69224,0
12451,22788,building index: loading tuples,7168,2722,0,38119,69224,0
12511,22788,building index: loading tuples,7168,2738,0,38338,69224,0
12570,22788,building index: loading tuples,7168,2754,0,38565,69224,0
12629,22788,building index: loading tuples,7168,2770,0,38784,69224,0
12689,22788,building index: loading tuples,7168,2788,0,39036,69224,0
12748,22788,building index: loading tuples,7168,2805,0,39275,69224,0
12808,22788,building index: loading tuples,7168,2822,0,39521,69224,0
12868,22788,building index: loading tuples,7168,2837,0,39722,69224,0
12928,22788,building index: loading tuples,7168,2849,0,39890,69224,0
12987,22788,building index: loading tuples,7168,2860,0,40048,69224,0
13047,22788,building index: loading tuples,7168,2871,0,40199,69224,0
13107,22788,building index: loading tuples,7168,2882,0,40350,69224,0
13167,22788,building index: loading tuples,7168,2893,0,40506,69224,0
13228,22788,building index: loading tuples,7168,2904,0,40658,69224,0
13287,22788,building index: loading tuples,7168,2916,0,40824,69224,0
13348,22788,building index: loading tuples,7168,2928,0,40996,69224,0
13407,22788,building index: loading tuples,7168,2940,0,41168,69224,0
13466,22788,building index: loading tuples,7168,2952,0,41330,69224,0
13526,22788,building index: loading tuples,7168,2963,0,41484,69224,0
13585,22788,building index: loading tuples,7168,2973,0,41631,69224,0
13645,22788,building index: loading tuples,7168,2985,0,41792,69224,0
13704,22788,building index: loading tuples,7168,2996,0,41949,69224,0
13765,22788,building index: loading tuples,7168,3006,0,42097,69224,0
13825,22788,building index: loading tuples,7168,3017,0,42240,69224,0
13884,22788,building index: loading tuples,7168,3028,0,42402,69224,0
13943,22788,building index: loading tuples,7168,3040,0,42571,69224,0
14004,22788,building index: loading tuples,7168,3052,0,42730,69224,0
14064,22788,building index: loading tuples,7168,3063,0,42890,69224,0
14125,22788,building index: loading tuples,7168,3075,0,43052,69224,0
14185,22788,building index: loading tuples,7168,3086,0,43209,69224,0
14245,22788,building index: loading tuples,7168,3098,0,43380,69224,0
14306,22788,building index: loading tuples,7168,3109,0,43537,69224,0
14366,22788,building index: loading tuples,7168,3121,0,43697,69224,0
14426,22788,building index: loading tuples,7168,3132,0,43849,69224,0
14486,22788,building index: loading tuples,7168,3144,0,44023,69224,0
14545,22788,building index: loading tuples,7168,3156,0,44189,69224,0
14608,22788,building index: loading tuples,7168,3168,0,44352,69224,0
14670,22788,building index: loading tuples,7168,3178,0,44503,69224,0
14730,22788,building index: loading tuples,7168,3189,0,44658,69224,0
14791,22788,building index: loading tuples,7168,3200,0,44811,69224,0
14851,22788,building index: loading tuples,7168,3211,0,44965,69224,0
14911,22788,building index: loading tuples,7168,3223,0,45122,69224,0
14971,22788,building index: loading tuples,7168,3233,0,45272,69224,0
15031,22788,building index: loading tuples,7168,3244,0,45424,69224,0
15091,22788,building index: loading tuples,7168,3255,0,45581,69224,0
15151,22788,building index: loading tuples,7168,3266,0,45735,69224,0
15211,22788,building index: loading tuples,7168,3277,0,45890,69224,0
15271,22788,building index: loading tuples,7168,3288,0,46043,69224,0
15331,22788,building index: loading tuples,7168,3299,0,46198,69224,0
15392,22788,building index: loading tuples,7168,3311,0,46354,69224,0
15452,22788,building index: loading tuples,7168,3321,0,46503,69224,0
15514,22788,building index: loading tuples,7168,3332,0,46657,69224,0
15575,22788,building index: loading tuples,7168,3343,0,46815,69224,0
15635,22788,building index: loading tuples,7168,3355,0,46978,69224,0
15696,22788,building index: loading tuples,7168,3366,0,47137,69224,0
15756,22788,building index: loading tuples,7168,3379,0,47312,69224,0
15817,22788,building index: loading tuples,7168,3390,0,47461,69224,0
15876,22788,building index: loading tuples,7168,3399,0,47597,69224,0
15936,22788,building index: loading tuples,7168,3409,0,47732,69224,0
15996,22788,building index: loading tuples,7168,3419,0,47867,69224,0
16056,22788,building index: loading tuples,7168,3429,0,48014,69224,0
16116,22788,building index: loading tuples,7168,3439,0,48157,69224,0
16176,22788,building index: loading tuples,7168,3450,0,48303,69224,0
16236,22788,building index: loading tuples,7168,3461,0,48463,69224,0
16297,22788,building index: loading tuples,7168,3472,0,48608,69224,0
16357,22788,building index: loading tuples,7168,3483,0,48767,69224,0
16417,22788,building index: loading tuples,7168,3493,0,48914,69224,0
16477,22788,building index: loading tuples,7168,3504,0,49066,69224,0
16537,22788,building index: loading tuples,7168,3515,0,49213,69224,0
16596,22788,building index: loading tuples,7168,3525,0,49363,69224,0
16656,22788,building index: loading tuples,7168,3536,0,49510,69224,0
16715,22788,building index: loading tuples,7168,3547,0,49661,69224,0
16774,22788,building index: loading tuples,7168,3557,0,49807,69224,0
16833,22788,building index: loading tuples,7168,3569,0,49967,69224,0
16892,22788,building index: loading tuples,7168,3581,0,50134,69224,0
16951,22788,building index: loading tuples,7168,3592,0,50289,69224,0
17010,22788,building index: loading tuples,7168,3602,0,50434,69224,0
17069,22788,building index: loading tuples,7168,3613,0,50589,69224,0
17129,22788,building index: loading tuples,7168,3626,0,50772,69224,0
17189,22788,building index: loading tuples,7168,3639,0,50946,69224,0
17249,22788,building index: loading tuples,7168,3652,0,51128,69224,0
17309,22788,building index: loading tuples,7168,3661,0,51267,69224,0
17368,22788,building index: loading tuples,7168,3661,0,51267,69224,0
17427,22788,building index: loading tuples,7168,3662,0,51277,69224,0
17487,22788,building index: loading tuples,7168,3666,0,51324,69224,0
17546,22788,building index: loading tuples,7168,3669,0,51371,69224,0
17606,22788,building index: loading tuples,7168,3673,0,51423,69224,0
17665,22788,building index: loading tuples,7168,3676,0,51474,69224,0
17723,22788,building index: loading tuples,7168,3680,0,51526,69224,0
17782,22788,building index: loading tuples,7168,3684,0,51579,69224,0
17841,22788,building index: loading tuples,7168,3688,0,51632,69224,0
17901,22788,building index: loading tuples,7168,3691,0,51684,69224,0
17961,22788,building index: loading tuples,7168,3695,0,51737,69224,0
18020,22788,building index: loading tuples,7168,3699,0,51788,69224,0
18080,22788,building index: loading tuples,7168,3702,0,51836,69224,0
18139,22788,building index: loading tuples,7168,3706,0,51884,69224,0
18198,22788,building index: loading tuples,7168,3709,0,51937,69224,0
18257,22788,building index: loading tuples,7168,3713,0,51985,69224,0
18316,22788,building index: loading tuples,7168,3716,0,52034,69224,0
18377,22788,building index: loading tuples,7168,3720,0,52084,69224,0
18438,22788,building index: loading tuples,7168,3723,0,52134,69224,0
18499,22788,building index: loading tuples,7168,3727,0,52187,69224,0
18561,22788,building index: loading tuples,7168,3731,0,52239,69224,0
18623,22788,building index: loading tuples,7168,3735,0,52293,69224,0
18686,22788,building index: loading tuples,7168,3739,0,52347,69224,0
18748,22788,building index: loading tuples,7168,3742,0,52401,69224,0
18810,22788,building index: loading tuples,7168,3746,0,52451,69224,0
18870,22788,building index: loading tuples,7168,3750,0,52505,69224,0
18930,22788,building index: loading tuples,7168,3753,0,52555,69224,0
18990,22788,building index: loading tuples,7168,3757,0,52605,69224,0
19051,22788,building index: loading tuples,7168,3761,0,52659,69224,0
19110,22788,building index: loading tuples,7168,3765,0,52710,69224,0
19170,22788,building index: loading tuples,7168,3768,0,52762,69224,0
19232,22788,building index: loading tuples,7168,3772,0,52812,69224,0
19291,22788,building index: loading tuples,7168,3776,0,52864,69224,0
19351,22788,building index: loading tuples,7168,3779,0,52915,69224,0
19411,22788,building index: loading tuples,7168,3783,0,52965,69224,0
19470,22788,building index: loading tuples,7168,3786,0,53014,69224,0
19530,22788,building index: loading tuples,7168,3790,0,53066,69224,0
19590,22788,building index: loading tuples,7168,3793,0,53115,69224,0
19651,22788,building index: loading tuples,7168,3797,0,53165,69224,0
19712,22788,building index: loading tuples,7168,3801,0,53215,69224,0
19773,22788,building index: loading tuples,7168,3804,0,53264,69224,0
19833,22788,building index: loading tuples,7168,3808,0,53315,69224,0
19894,22788,building index: loading tuples,7168,3812,0,53369,69224,0
19955,22788,building index: loading tuples,7168,3815,0,53421,69224,0
20015,22788,building index: loading tuples,7168,3819,0,53477,69224,0
20076,22788,building index: loading tuples,7168,3823,0,53531,69224,0
20136,22788,building index: loading tuples,7168,3827,0,53584,69224,0
20195,22788,building index: loading tuples,7168,3830,0,53633,69224,0
20256,22788,building index: loading tuples,7168,3835,0,53690,69224,0
20315,22788,building index: loading tuples,7168,3838,0,53745,69224,0
20375,22788,building index: loading tuples,7168,3842,0,53797,69224,0
20434,22788,building index: loading tuples,7168,3846,0,53849,69224,0
20494,22788,building index: loading tuples,7168,3850,0,53902,69224,0
20554,22788,building index: loading tuples,7168,3853,0,53952,69224,0
20613,22788,building index: loading tuples,7168,3857,0,54002,69224,0
20673,22788,building index: loading tuples,7168,3861,0,54056,69224,0
20733,22788,building index: loading tuples,7168,3864,0,54106,69224,0
20793,22788,building index: loading tuples,7168,3867,0,54151,69224,0
20852,22788,building index: loading tuples,7168,3871,0,54199,69224,0
20911,22788,building index: loading tuples,7168,3874,0,54248,69224,0
20970,22788,building index: loading tuples,7168,3878,0,54296,69224,0
21030,22788,building index: loading tuples,7168,3881,0,54347,69224,0
21089,22788,building index: loading tuples,7168,3885,0,54402,69224,0
21151,22788,building index: loading tuples,7168,3889,0,54459,69224,0
21211,22788,building index: loading tuples,7168,3893,0,54512,69224,0
21272,22788,building index: loading tuples,7168,3897,0,54565,69224,0
21333,22788,building index: loading tuples,7168,3901,0,54621,69224,0
21393,22788,building index: loading tuples,7168,3905,0,54676,69224,0
21454,22788,building index: loading tuples,7168,3909,0,54731,69224,0
21514,22788,building index: loading tuples,7168,3913,0,54785,69224,0
21575,22788,building index: loading tuples,7168,3917,0,54838,69224,0
21635,22788,building index: loading tuples,7168,3920,0,54893,69224,0
21696,22788,building index: loading tuples,7168,3924,0,54946,69224,0
21756,22788,building index: loading tuples,7168,3928,0,55000,69224,0
21817,22788,building index: loading tuples,7168,3932,0,55053,69224,0
21877,22788,building index: loading tuples,7168,3935,0,55103,69224,0
21936,22788,building index: loading tuples,7168,3939,0,55154,69224,0
21995,22788,building index: loading tuples,7168,3943,0,55206,69224,0
22055,22788,building index: loading tuples,7168,3946,0,55256,69224,0
22114,22788,building index: loading tuples,7168,3950,0,55305,69224,0
22174,22788,building index: loading tuples,7168,3953,0,55355,69224,0
22233,22788,building index: loading tuples,7168,3957,0,55400,69224,0
22293,22788,building index: loading tuples,7168,3960,0,55447,69224,0
22352,22788,building index: loading tuples,7168,3964,0,55497,69224,0
22412,22788,building index: loading tuples,7168,3967,0,55550,69224,0
22471,22788,building index: loading tuples,7168,3971,0,55601,69224,0
22531,22788,building index: loading tuples,7168,3975,0,55652,69224,0
22590,22788,building index: loading tuples,7168,3978,0,55705,69224,0
22650,22788,building index: loading tuples,7168,3982,0,55754,69224,0
22710,22788,building index: loading tuples,7168,3986,0,55807,69224,0
22770,22788,building index: loading tuples,7168,3989,0,55855,69224,0
22829,22788,building index: loading tuples,7168,3993,0,55903,69224,0
22890,22788,building index: loading tuples,7168,3996,0,55953,69224,0
22950,22788,building index: loading tuples,7168,4000,0,56003,69224,0
23010,22788,building index: loading tuples,7168,4003,0,56052,69224,0
23072,22788,building index: loading tuples,7168,4007,0,56099,69224,0
23131,22788,building index: loading tuples,7168,4010,0,56152,69224,0
23190,22788,building index: loading tuples,7168,4014,0,56204,69224,0
23251,22788,building index: loading tuples,7168,4018,0,56261,69224,0
23311,22788,building index: loading tuples,7168,4022,0,56314,69224,0
23370,22788,building index: loading tuples,7168,4026,0,56369,69224,0
23431,22788,building index: loading tuples,7168,4030,0,56427,69224,0
23492,22788,building index: loading tuples,7168,4034,0,56485,69224,0
23553,22788,building index: loading tuples,7168,4038,0,56542,69224,0
23613,22788,building index: loading tuples,7168,4042,0,56599,69224,0
23673,22788,building index: loading tuples,7168,4046,0,56649,69224,0
23732,22788,building index: loading tuples,7168,4049,0,56699,69224,0
23792,22788,building index: loading tuples,7168,4053,0,56750,69224,0
23851,22788,building index: loading tuples,7168,4057,0,56801,69224,0
23910,22788,building index: loading tuples,7168,4060,0,56849,69224,0
23969,22788,building index: loading tuples,7168,4063,0,56894,69224,0
24028,22788,building index: loading tuples,7168,4067,0,56941,69224,0
24087,22788,building index: loading tuples,7168,4070,0,56990,69224,0
24146,22788,building index: loading tuples,7168,4074,0,57039,69224,0
24205,22788,building index: loading tuples,7168,4077,0,57090,69224,0
24265,22788,building index: loading tuples,7168,4081,0,57142,69224,0
24324,22788,building index: loading tuples,7168,4085,0,57192,69224,0
24383,22788,building index: loading tuples,7168,4088,0,57245,69224,0
24442,22788,building index: loading tuples,7168,4092,0,57294,69224,0
24501,22788,building index: loading tuples,7168,4096,0,57344,69224,0
24560,22788,building index: loading tuples,7168,4099,0,57398,69224,0
24620,22788,building index: loading tuples,7168,4103,0,57453,69224,0
24679,22788,building index: loading tuples,7168,4107,0,57501,69224,0
24738,22788,building index: loading tuples,7168,4110,0,57550,69224,0
24798,22788,building index: loading tuples,7168,4114,0,57601,69224,0
24857,22788,building index: loading tuples,7168,4117,0,57648,69224,0
24917,22788,building index: loading tuples,7168,4121,0,57698,69224,0
24977,22788,building index: loading tuples,7168,4124,0,57744,69224,0
25036,22788,building index: loading tuples,7168,4127,0,57788,69224,0
25096,22788,building index: loading tuples,7168,4130,0,57829,69224,0
25157,22788,building index: loading tuples,7168,4134,0,57878,69224,0
25216,22788,building index: loading tuples,7168,4137,0,57923,69224,0
25276,22788,building index: loading tuples,7168,4140,0,57971,69224,0
25335,22788,building index: loading tuples,7168,4144,0,58017,69224,0
25394,22788,building index: loading tuples,7168,4147,0,58064,69224,0
25454,22788,building index: loading tuples,7168,4150,0,58110,69224,0
25513,22788,building index: loading tuples,7168,4154,0,58157,69224,0
25572,22788,building index: loading tuples,7168,4157,0,58204,69224,0
25632,22788,building index: loading tuples,7168,4160,0,58249,69224,0
25691,22788,building index: loading tuples,7168,4164,0,58296,69224,0
25750,22788,building index: loading tuples,7168,4167,0,58339,69224,0
25810,22788,building index: loading tuples,7168,4170,0,58384,69224,0
25869,22788,building index: loading tuples,7168,4173,0,58428,69224,0
25927,22788,building index: loading tuples,7168,4176,0,58472,69224,0
25987,22788,building index: loading tuples,7168,4179,0,58518,69224,0
26048,22788,building index: loading tuples,7168,4183,0,58563,69224,0
26109,22788,building index: loading tuples,7168,4186,0,58608,69224,0
26171,22788,building index: loading tuples,7168,4189,0,58653,69224,0
26233,22788,building index: loading tuples,7168,4193,0,58702,69224,0
26295,22788,building index: loading tuples,7168,4196,0,58748,69224,0
26355,22788,building index: loading tuples,7168,4199,0,58795,69224,0
26416,22788,building index: loading tuples,7168,4202,0,58839,69224,0
26476,22788,building index: loading tuples,7168,4206,0,58884,69224,0
26538,22788,building index: loading tuples,7168,4209,0,58929,69224,0
26598,22788,building index: loading tuples,7168,4212,0,58972,69224,0
26658,22788,building index: loading tuples,7168,4215,0,59013,69224,0
26718,22788,building index: loading tuples,7168,4218,0,59056,69224,0
26777,22788,building index: loading tuples,7168,4221,0,59096,69224,0
26836,22788,building index: loading tuples,7168,4224,0,59137,69224,0
26895,22788,building index: loading tuples,7168,4227,0,59179,69224,0
26954,22788,building index: loading tuples,7168,4230,0,59223,69224,0
27014,22788,building index: loading tuples,7168,4233,0,59264,69224,0
27073,22788,building index: loading tuples,7168,4236,0,59308,69224,0
27133,22788,building index: loading tuples,7168,4239,0,59350,69224,0
27192,22788,building index: loading tuples,7168,4242,0,59390,69224,0
27251,22788,building index: loading tuples,7168,4244,0,59428,69224,0
27311,22788,building index: loading tuples,7168,4247,0,59467,69224,0
27370,22788,building index: loading tuples,7168,4250,0,59505,69224,0
27429,22788,building index: loading tuples,7168,4253,0,59546,69224,0
27489,22788,building index: loading tuples,7168,4256,0,59587,69224,0
27550,22788,building index: loading tuples,7168,4259,0,59628,69224,0
27609,22788,building index: loading tuples,7168,4262,0,59671,69224,0
27668,22788,building index: loading tuples,7168,4265,0,59713,69224,0
27728,22788,building index: loading tuples,7168,4268,0,59755,69224,0
27787,22788,building index: loading tuples,7168,4271,0,59797,69224,0
27847,22788,building index: loading tuples,7168,4274,0,59840,69224,0
27907,22788,building index: loading tuples,7168,4277,0,59880,69224,0
27966,22788,building index: loading tuples,7168,4279,0,59917,69224,0
28025,22788,building index: loading tuples,7168,4282,0,59958,69224,0
28085,22788,building index: loading tuples,7168,4285,0,59999,69224,0
28145,22788,building index: loading tuples,7168,4288,0,60039,69224,0
28205,22788,building index: loading tuples,7168,4291,0,60079,69224,0
28264,22788,building index: loading tuples,7168,4294,0,60120,69224,0
28324,22788,building index: loading tuples,7168,4297,0,60162,69224,0
28384,22788,building index: loading tuples,7168,4300,0,60203,69224,0
28444,22788,building index: loading tuples,7168,4303,0,60246,69224,0
28503,22788,building index: loading tuples,7168,4306,0,60288,69224,0
28562,22788,building index: loading tuples,7168,4309,0,60327,69224,0
28622,22788,building index: loading tuples,7168,4311,0,60367,69224,0
28681,22788,building index: loading tuples,7168,4314,0,60407,69224,0
28741,22788,building index: loading tuples,7168,4317,0,60447,69224,0
28801,22788,building index: loading tuples,7168,4320,0,60485,69224,0
28860,22788,building index: loading tuples,7168,4323,0,60523,69224,0
28920,22788,building index: loading tuples,7168,4325,0,60563,69224,0
28979,22788,building index: loading tuples,7168,4328,0,60603,69224,0
29039,22788,building index: loading tuples,7168,4331,0,60644,69224,0
29098,22788,building index: loading tuples,7168,4334,0,60683,69224,0
29157,22788,building index: loading tuples,7168,4337,0,60722,69224,0
29218,22788,building index: loading tuples,7168,4340,0,60762,69224,0
29278,22788,building index: loading tuples,7168,4342,0,60800,69224,0
29337,22788,building index: loading tuples,7168,4345,0,60839,69224,0
29397,22788,building index: loading tuples,7168,4348,0,60880,69224,0
29456,22788,building index: loading tuples,7168,4351,0,60918,69224,0
29516,22788,building index: loading tuples,7168,4354,0,60959,69224,0
29576,22788,building index: loading tuples,7168,4357,0,61002,69224,0
29635,22788,building index: loading tuples,7168,4360,0,61041,69224,0
29694,22788,building index: loading tuples,7168,4362,0,61081,69224,0
29753,22788,building index: loading tuples,7168,4365,0,61120,69224,0
29812,22788,building index: loading tuples,7168,4368,0,61160,69224,0
29872,22788,building index: loading tuples,7168,4371,0,61201,69224,0
29931,22788,building index: loading tuples,7168,4374,0,61240,69224,0
29990,22788,building index: loading tuples,7168,4377,0,61279,69224,0
30049,22788,building index: loading tuples,7168,4379,0,61319,69224,0
30110,22788,building index: loading tuples,7168,4382,0,61360,69224,0
30169,22788,building index: loading tuples,7168,4385,0,61399,69224,0
30229,22788,building index: loading tuples,7168,4388,0,61434,69224,0
30288,22788,building index: loading tuples,7168,4390,0,61471,69224,0
30348,22788,building index: loading tuples,7168,4393,0,61510,69224,0
30408,22788,building index: loading tuples,7168,4396,0,61548,69224,0
30467,22788,building index: loading tuples,7168,4399,0,61586,69224,0
30526,22788,building index: loading tuples,7168,4401,0,61624,69224,0
30585,22788,building index: loading tuples,7168,4404,0,61663,69224,0
30645,22788,building index: loading tuples,7168,4406,0,61697,69224,0
30704,22788,building index: loading tuples,7168,4409,0,61735,69224,0
30764,22788,building index: loading tuples,7168,4412,0,61772,69224,0
30823,22788,building index: loading tuples,7168,4415,0,61811,69224,0
30883,22788,building index: loading tuples,7168,4417,0,61851,69224,0
30944,22788,building index: loading tuples,7168,4420,0,61892,69224,0
31003,22788,building index: loading tuples,7168,4423,0,61931,69224,0
31063,22788,building index: loading tuples,7168,4426,0,61968,69224,0
31123,22788,building index: loading tuples,7168,4428,0,62005,69224,0
31184,22788,building index: loading tuples,7168,4431,0,62045,69224,0
31244,22788,building index: loading tuples,7168,4434,0,62084,69224,0
31305,22788,building index: loading tuples,7168,4437,0,62125,69224,0
31367,22788,building index: loading tuples,7168,4440,0,62166,69224,0
31427,22788,building index: loading tuples,7168,4443,0,62208,69224,0
31487,22788,building index: loading tuples,7168,4446,0,62248,69224,0
31547,22788,building index: loading tuples,7168,4449,0,62287,69224,0
31607,22788,building index: loading tuples,7168,4451,0,62326,69224,0
31666,22788,building index: loading tuples,7168,4454,0,62363,69224,0
31726,22788,building index: loading tuples,7168,4457,0,62403,69224,0
31787,22788,building index: loading tuples,7168,4460,0,62443,69224,0
31846,22788,building index: loading tuples,7168,4463,0,62483,69224,0
31907,22788,building index: loading tuples,7168,4465,0,62522,69224,0
31966,22788,building index: loading tuples,7168,4468,0,62559,69224,0
32025,22788,building index: loading tuples,7168,4471,0,62596,69224,0
32085,22788,building index: loading tuples,7168,4473,0,62634,69224,0
32145,22788,building index: loading tuples,7168,4476,0,62671,69224,0
32205,22788,building index: loading tuples,7168,4479,0,62710,69224,0
32266,22788,building index: loading tuples,7168,4481,0,62747,69224,0
32326,22788,building index: loading tuples,7168,4484,0,62784,69224,0
32386,22788,building index: loading tuples,7168,4487,0,62822,69224,0
32445,22788,building index: loading tuples,7168,4490,0,62862,69224,0
32505,22788,building index: loading tuples,7168,4493,0,62903,69224,0
32566,22788,building index: loading tuples,7168,4495,0,62940,69224,0
32626,22788,building index: loading tuples,7168,4498,0,62980,69224,0
32687,22788,building index: loading tuples,7168,4501,0,63018,69224,0
32747,22788,building index: loading tuples,7168,4504,0,63058,69224,0
32807,22788,building index: loading tuples,7168,4507,0,63098,69224,0
32867,22788,building index: loading tuples,7168,4509,0,63135,69224,0
32926,22788,building index: loading tuples,7168,4512,0,63173,69224,0
32985,22788,building index: loading tuples,7168,4515,0,63211,69224,0
33046,22788,building index: loading tuples,7168,4517,0,63247,69224,0
33105,22788,building index: loading tuples,7168,4520,0,63285,69224,0
33165,22788,building index: loading tuples,7168,4522,0,63321,69224,0
33224,22788,building index: loading tuples,7168,4525,0,63358,69224,0
33284,22788,building index: loading tuples,7168,4528,0,63396,69224,0
33343,22788,building index: loading tuples,7168,4531,0,63434,69224,0
33403,22788,building index: loading tuples,7168,4533,0,63473,69224,0
33462,22788,building index: loading tuples,7168,4536,0,63509,69224,0
33521,22788,building index: loading tuples,7168,4539,0,63547,69224,0
33581,22788,building index: loading tuples,7168,4541,0,63587,69224,0
33641,22788,building index: loading tuples,7168,4544,0,63624,69224,0
33701,22788,building index: loading tuples,7168,4547,0,63661,69224,0
33760,22788,building index: loading tuples,7168,4549,0,63696,69224,0
33819,22788,building index: loading tuples,7168,4552,0,63730,69224,0
33879,22788,building index: loading tuples,7168,4554,0,63761,69224,0
33938,22788,building index: loading tuples,7168,4557,0,63798,69224,0
33998,22788,building index: loading tuples,7168,4559,0,63834,69224,0
34058,22788,building index: loading tuples,7168,4561,0,63867,69224,0
34118,22788,building index: loading tuples,7168,4564,0,63902,69224,0
34178,22788,building index: loading tuples,7168,4566,0,63934,69224,0
34238,22788,building index: loading tuples,7168,4569,0,63966,69224,0
34299,22788,building index: loading tuples,7168,4571,0,63995,69224,0
34358,22788,building index: loading tuples,7168,4573,0,64028,69224,0
34417,22788,building index: loading tuples,7168,4575,0,64059,69224,0
34476,22788,building index: loading tuples,7168,4578,0,64092,69224,0
34536,22788,building index: loading tuples,7168,4580,0,64128,69224,0
34595,22788,building index: loading tuples,7168,4582,0,64161,69224,0
34655,22788,building index: loading tuples,7168,4585,0,64195,69224,0
34715,22788,building index: loading tuples,7168,4588,0,64232,69224,0
34774,22788,building index: loading tuples,7168,4590,0,64267,69224,0
34834,22788,building index: loading tuples,7168,4593,0,64304,69224,0
34894,22788,building index: loading tuples,7168,4595,0,64341,69224,0
34954,22788,building index: loading tuples,7168,4598,0,64376,69224,0
35014,22788,building index: loading tuples,7168,4601,0,64415,69224,0
35074,22788,building index: loading tuples,7168,4603,0,64453,69224,0
35134,22788,building index: loading tuples,7168,4606,0,64492,69224,0
35193,22788,building index: loading tuples,7168,4609,0,64529,69224,0
35252,22788,building index: loading tuples,7168,4611,0,64567,69224,0
35312,22788,building index: loading tuples,7168,4614,0,64607,69224,0
35371,22788,building index: loading tuples,7168,4617,0,64644,69224,0
35432,22788,building index: loading tuples,7168,4620,0,64688,69224,0
35493,22788,building index: loading tuples,7168,4623,0,64728,69224,0
35554,22788,building index: loading tuples,7168,4625,0,64763,69224,0
35616,22788,building index: loading tuples,7168,4628,0,64800,69224,0
35677,22788,building index: loading tuples,7168,4630,0,64831,69224,0
35738,22788,building index: loading tuples,7168,4633,0,64863,69224,0
35800,22788,building index: loading tuples,7168,4635,0,64896,69224,0
35862,22788,building index: loading tuples,7168,4637,0,64929,69224,0
35924,22788,building index: loading tuples,7168,4640,0,64965,69224,0
35986,22788,building index: loading tuples,7168,4642,0,65000,69224,0
36047,22788,building index: loading tuples,7168,4645,0,65033,69224,0
36107,22788,building index: loading tuples,7168,4647,0,65067,69224,0
36168,22788,building index: loading tuples,7168,4649,0,65099,69224,0
36229,22788,building index: loading tuples,7168,4652,0,65132,69224,0
36290,22788,building index: loading tuples,7168,4654,0,65159,69224,0
36350,22788,building index: loading tuples,7168,4656,0,65189,69224,0
36411,22788,building index: loading tuples,7168,4658,0,65218,69224,0
36473,22788,building index: loading tuples,7168,4660,0,65253,69224,0
36534,22788,building index: loading tuples,7168,4663,0,65287,69224,0
36595,22788,building index: loading tuples,7168,4665,0,65321,69224,0
36654,22788,building index: loading tuples,7168,4668,0,65357,69224,0
36714,22788,building index: loading tuples,7168,4670,0,65393,69224,0
36774,22788,building index: loading tuples,7168,4673,0,65431,69224,0
36835,22788,building index: loading tuples,7168,4676,0,65472,69224,0
36897,22788,building index: loading tuples,7168,4679,0,65513,69224,0
36956,22788,building index: loading tuples,7168,4682,0,65549,69224,0
37015,22788,building index: loading tuples,7168,4685,0,65590,69224,0
37076,22788,building index: loading tuples,7168,4687,0,65628,69224,0
37136,22788,building index: loading tuples,7168,4690,0,65665,69224,0
37195,22788,building index: loading tuples,7168,4692,0,65699,69224,0
37255,22788,building index: loading tuples,7168,4695,0,65735,69224,0
37315,22788,building index: loading tuples,7168,4697,0,65770,69224,0
37375,22788,building index: loading tuples,7168,4700,0,65808,69224,0
37435,22788,building index: loading tuples,7168,4703,0,65843,69224,0
37495,22788,building index: loading tuples,7168,4705,0,65880,69224,0
37556,22788,building index: loading tuples,7168,4708,0,65916,69224,0
37616,22788,building index: loading tuples,7168,4710,0,65953,69224,0
37677,22788,building index: loading tuples,7168,4713,0,65992,69224,0
37736,22788,building index: loading tuples,7168,4716,0,66029,69224,0
37797,22788,building index: loading tuples,7168,4719,0,66067,69224,0
37857,22788,building index: loading tuples,7168,4721,0,66107,69224,0
37917,22788,building index: loading tuples,7168,4724,0,66147,69224,0
37977,22788,building index: loading tuples,7168,4727,0,66189,69224,0
38037,22788,building index: loading tuples,7168,4730,0,66227,69224,0
38097,22788,building index: loading tuples,7168,4733,0,66267,69224,0
38157,22788,building index: loading tuples,7168,4736,0,66307,69224,0
38217,22788,building index: loading tuples,7168,4738,0,66342,69224,0
38277,22788,building index: loading tuples,7168,4741,0,66383,69224,0
38337,22788,building index: loading tuples,7168,4744,0,66422,69224,0
38397,22788,building index: loading tuples,7168,4747,0,66463,69224,0
38458,22788,building index: loading tuples,7168,4750,0,66503,69224,0
38517,22788,building index: loading tuples,7168,4753,0,66542,69224,0
38578,22788,building index: loading tuples,7168,4755,0,66581,69224,0
38637,22788,building index: loading tuples,7168,4758,0,66622,69224,0
38698,22788,building index: loading tuples,7168,4761,0,66660,69224,0
38758,22788,building index: loading tuples,7168,4764,0,66701,69224,0
38819,22788,building index: loading tuples,7168,4767,0,66740,69224,0
38881,22788,building index: loading tuples,7168,4769,0,66779,69224,0
38942,22788,building index: loading tuples,7168,4772,0,66814,69224,0
39002,22788,building index: loading tuples,7168,4774,0,66845,69224,0
39062,22788,building index: loading tuples,7168,4777,0,66878,69224,0
39123,22788,building index: loading tuples,7168,4779,0,66910,69224,0
39183,22788,building index: loading tuples,7168,4782,0,66949,69224,0
39244,22788,building index: loading tuples,7168,4784,0,66987,69224,0
39304,22788,building index: loading tuples,7168,4787,0,67027,69224,0
39364,22788,building index: loading tuples,7168,4789,0,67058,69224,0
39424,22788,building index: loading tuples,7168,4792,0,67090,69224,0
39485,22788,building index: loading tuples,7168,4794,0,67125,69224,0
39545,22788,building index: loading tuples,7168,4797,0,67159,69224,0
39606,22788,building index: loading tuples,7168,4799,0,67193,69224,0
39666,22788,building index: loading tuples,7168,4801,0,67226,69224,0
39727,22788,building index: loading tuples,7168,4804,0,67257,69224,0
39787,22788,building index: loading tuples,7168,4806,0,67286,69224,0
39846,22788,building index: loading tuples,7168,4808,0,67321,69224,0
39907,22788,building index: loading tuples,7168,4811,0,67361,69224,0
39968,22788,building index: loading tuples,7168,4814,0,67398,69224,0
40031,22788,building index: loading tuples,7168,4817,0,67438,69224,0
40093,22788,building index: loading tuples,7168,4819,0,67475,69224,0
40155,22788,building index: loading tuples,7168,4822,0,67514,69224,0
40217,22788,building index: loading tuples,7168,4825,0,67550,69224,0
40278,22788,building index: loading tuples,7168,4827,0,67583,69224,0
40339,22788,building index: loading tuples,7168,4830,0,67621,69224,0
40399,22788,building index: loading tuples,7168,4832,0,67659,69224,0
40459,22788,building index: loading tuples,7168,4835,0,67696,69224,0
40519,22788,building index: loading tuples,7168,4837,0,67731,69224,0
40579,22788,building index: loading tuples,7168,4840,0,67769,69224,0
40640,22788,building index: loading tuples,7168,4843,0,67809,69224,0
40700,22788,building index: loading tuples,7168,4846,0,67853,69224,0
40760,22788,building index: loading tuples,7168,4849,0,67889,69224,0
40820,22788,building index: loading tuples,7168,4852,0,67928,69224,0
40881,22788,building index: loading tuples,7168,4854,0,67967,69224,0
40941,22788,building index: loading tuples,7168,4857,0,68004,69224,0
41003,22788,building index: loading tuples,7168,4860,0,68042,69224,0
41064,22788,building index: loading tuples,7168,4862,0,68075,69224,0
41124,22788,building index: loading tuples,7168,4865,0,68114,69224,0
41184,22788,building index: loading tuples,7168,4868,0,68152,69224,0
41245,22788,building index: loading tuples,7168,4870,0,68193,69224,0
41306,22788,building index: loading tuples,7168,4874,0,68236,69224,0
41368,22788,building index: loading tuples,7168,4876,0,68277,69224,0
41428,22788,building index: loading tuples,7168,4880,0,68322,69224,0
41490,22788,building index: loading tuples,7168,4883,0,68374,69224,0
41549,22788,building index: loading tuples,7168,4887,0,68423,69224,0
41611,22788,building index: loading tuples,7168,4890,0,68468,69224,0
41671,22788,building index: loading tuples,7168,4893,0,68511,69224,0
41731,22788,building index: loading tuples,7168,4896,0,68556,69224,0
41791,22788,building index: loading tuples,7168,4900,0,68600,69224,0
41852,22788,building index: loading tuples,7168,4903,0,68644,69224,0
41912,22788,building index: loading tuples,7168,4906,0,68690,69224,0
41971,22788,building index: loading tuples,7168,4909,0,68732,69224,0
42031,22788,building index: loading tuples,7168,4912,0,68776,69224,0
42093,22788,building index: loading tuples,7168,4915,0,68819,69224,0
42152,22788,building index: loading tuples,7168,4918,0,68861,69224,0
42213,22788,building index: loading tuples,7168,4921,0,68901,69224,0
42273,22788,building index: loading tuples,7168,4924,0,68946,69224,0
42334,22788,building index: loading tuples,7168,4927,0,68987,69224,0
42394,22788,building index: loading tuples,7168,4930,0,69029,69224,0
42454,22788,building index: loading tuples,7168,4933,0,69069,69224,0
42514,22788,building index: loading tuples,7168,4936,0,69111,69224,0
42575,22788,building index: loading tuples,7168,4939,0,69150,69224,0
42635,22788,building index: loading tuples,7168,4942,0,69191,69224,0
42696,22788,building index: loading tuples,7168,4945,0,69232,69224,0
42756,22788,building index: loading tuples,7168,4948,0,69274,69224,0
42815,22788,building index: loading tuples,7168,4951,0,69314,69224,0
42875,22788,building index: loading tuples,7168,4953,0,69345,69224,0
42935,22788,building index: loading tuples,7168,4955,0,69380,69224,0
42994,22788,building index: loading tuples,7168,4957,0,69406,69224,0
43055,22788,building index: loading tuples,7168,4959,0,69434,69224,0
43115,22788,building index: loading tuples,7168,4961,0,69462,69224,0
43175,22788,building index: loading tuples,7168,4963,0,69489,69224,0
43237,22788,building index: loading tuples,7168,4966,0,69525,69224,0
43297,22788,building index: loading tuples,7168,4968,0,69554,69224,0
43356,22788,building index: loading tuples,7168,4970,0,69593,69224,0
43416,22788,building index: loading tuples,7168,4973,0,69633,69224,0
43477,22788,building index: loading tuples,7168,4976,0,69673,69224,0
43536,22788,building index: loading tuples,7168,4979,0,69713,69224,0
43596,22788,building index: loading tuples,7168,4982,0,69754,69224,0
43657,22788,building index: loading tuples,7168,4985,0,69795,69224,0
43718,22788,building index: loading tuples,7168,4988,0,69833,69224,0
43779,22788,building index: loading tuples,7168,4990,0,69873,69224,0
43838,22788,building index: loading tuples,7168,4993,0,69911,69224,0
43899,22788,building index: loading tuples,7168,4996,0,69951,69224,0
43959,22788,building index: loading tuples,7168,4999,0,69992,69224,0
44020,22788,building index: loading tuples,7168,5002,0,70033,69224,0
44080,22788,building index: loading tuples,7168,5005,0,70071,69224,0
44141,22788,building index: loading tuples,7168,5007,0,70110,69224,0
44200,22788,building index: loading tuples,7168,5010,0,70151,69224,0
44260,22788,building index: loading tuples,7168,5013,0,70190,69224,0
44321,22788,building index: loading tuples,7168,5016,0,70230,69224,0
44381,22788,building index: loading tuples,7168,5019,0,70272,69224,0
44441,22788,building index: loading tuples,7168,5022,0,70314,69224,0
44502,22788,building index: loading tuples,7168,5025,0,70353,69224,0
44563,22788,building index: loading tuples,7168,5027,0,70389,69224,0
44623,22788,building index: loading tuples,7168,5030,0,70428,69224,0
44684,22788,building index: loading tuples,7168,5033,0,70468,69224,0
44744,22788,building index: loading tuples,7168,5036,0,70508,69224,0
44804,22788,building index: loading tuples,7168,5039,0,70548,69224,0
44864,22788,building index: loading tuples,7168,5042,0,70588,69224,0
44923,22788,building index: loading tuples,7168,5044,0,70624,69224,0
44984,22788,building index: loading tuples,7168,5047,0,70662,69224,0
45045,22788,building index: loading tuples,7168,5050,0,70702,69224,0
45105,22788,building index: loading tuples,7168,5053,0,70742,69224,0
45165,22788,building index: loading tuples,7168,5056,0,70784,69224,0
45226,22788,building index: loading tuples,7168,5059,0,70828,69224,0
45291,22788,building index: loading tuples,7168,5062,0,70868,69224,0
45352,22788,building index: loading tuples,7168,5064,0,70909,69224,0
45412,22788,building index: loading tuples,7168,5067,0,70947,69224,0
45471,22788,building index: loading tuples,7168,5070,0,70987,69224,0
45531,22788,building index: loading tuples,7168,5073,0,71027,69224,0
45591,22788,building index: loading tuples,7168,5076,0,71067,69224,0
45651,22788,building index: loading tuples,7168,5079,0,71109,69224,0
45712,22788,building index: loading tuples,7168,5082,0,71148,69224,0
45773,22788,building index: loading tuples,7168,5084,0,71188,69224,0
45833,22788,building index: loading tuples,7168,5087,0,71228,69224,0
45894,22788,building index: loading tuples,7168,5090,0,71268,69224,0
45953,22788,building index: loading tuples,7168,5093,0,71308,69224,0
46014,22788,building index: loading tuples,7168,5096,0,71347,69224,0
46074,22788,building index: loading tuples,7168,5099,0,71386,69224,0
46134,22788,building index: loading tuples,7168,5101,0,71426,69224,0
46195,22788,building index: loading tuples,7168,5104,0,71469,69224,0
46260,22788,building index: loading tuples,7168,5107,0,71510,69224,0
46319,22788,building index: loading tuples,7168,5110,0,71551,69224,0
46379,22788,building index: loading tuples,7168,5113,0,71592,69224,0
46439,22788,building index: loading tuples,7168,5116,0,71628,69224,0
46499,22788,building index: loading tuples,7168,5119,0,71666,69224,0
46560,22788,building index: loading tuples,7168,5121,0,71703,69224,0
46620,22788,building index: loading tuples,7168,5124,0,71743,69224,0
46682,22788,building index: loading tuples,7168,5127,0,71778,69224,0
46742,22788,building index: loading tuples,7168,5129,0,71809,69224,0
46802,22788,building index: loading tuples,7168,5131,0,71836,69224,0
46864,22788,building index: loading tuples,7168,5133,0,71866,69224,0
46923,22788,building index: loading tuples,7168,5135,0,71897,69224,0
46983,22788,building index: loading tuples,7168,5137,0,71931,69224,0
47043,22788,building index: loading tuples,7168,5140,0,71964,69224,0
47103,22788,building index: loading tuples,7168,5142,0,71993,69224,0
47164,22788,building index: loading tuples,7168,5144,0,72023,69224,0
47224,22788,building index: loading tuples,7168,5146,0,72057,69224,0
47283,22788,building index: loading tuples,7168,5149,0,72091,69224,0
47343,22788,building index: loading tuples,7168,5151,0,72124,69224,0
47404,22788,building index: loading tuples,7168,5154,0,72159,69224,0
47464,22788,building index: loading tuples,7168,5156,0,72194,69224,0
47524,22788,building index: loading tuples,7168,5159,0,72233,69224,0
47584,22788,building index: loading tuples,7168,5162,0,72273,69224,0
47645,22788,building index: loading tuples,7168,5165,0,72312,69224,0
47705,22788,building index: loading tuples,7168,5168,0,72352,69224,0
47765,22788,building index: loading tuples,7168,5171,0,72395,69224,0
47825,22788,building index: loading tuples,7168,5173,0,72430,69224,0
47885,22788,building index: loading tuples,7168,5176,0,72467,69224,0
47944,22788,building index: loading tuples,7168,5179,0,72507,69224,0
48004,22788,building index: loading tuples,7168,5182,0,72549,69224,0
48063,22788,building index: loading tuples,7168,5185,0,72591,69224,0
48123,22788,building index: loading tuples,7168,5187,0,72631,69224,0
48182,22788,building index: loading tuples,7168,5190,0,72671,69224,0
48242,22788,building index: loading tuples,7168,5193,0,72710,69224,0
48301,22788,building index: loading tuples,7168,5196,0,72750,69224,0
48361,22788,building index: loading tuples,7168,5199,0,72789,69224,0
48420,22788,building index: loading tuples,7168,5202,0,72829,69224,0
48479,22788,building index: loading tuples,7168,5205,0,72870,69224,0
48539,22788,building index: loading tuples,7168,5207,0,72910,69224,0
48600,22788,building index: loading tuples,7168,5210,0,72950,69224,0
48659,22788,building index: loading tuples,7168,5213,0,72990,69224,0
48719,22788,building index: loading tuples,7168,5216,0,73028,69224,0
48778,22788,building index: loading tuples,7168,5219,0,73071,69224,0
48839,22788,building index: loading tuples,7168,5222,0,73110,69224,0
48898,22788,building index: loading tuples,7168,5224,0,73149,69224,0
48958,22788,building index: loading tuples,7168,5227,0,73186,69224,0
49018,22788,building index: loading tuples,7168,5230,0,73225,69224,0
49078,22788,building index: loading tuples,7168,5233,0,73263,69224,0
49138,22788,building index: loading tuples,7168,5235,0,73300,69224,0
49200,22788,building index: loading tuples,7168,5238,0,73338,69224,0
49260,22788,building index: loading tuples,7168,5241,0,73377,69224,0
49321,22788,building index: loading tuples,7168,5244,0,73416,69224,0
49383,22788,building index: loading tuples,7168,5247,0,73458,69224,0
49444,22788,building index: loading tuples,7168,5250,0,73500,69224,0
49505,22788,building index: loading tuples,7168,5252,0,73539,69224,0
49565,22788,building index: loading tuples,7168,5255,0,73580,69224,0
49626,22788,building index: loading tuples,7168,5258,0,73621,69224,0
49687,22788,building index: loading tuples,7168,5261,0,73661,69224,0
49749,22788,building index: loading tuples,7168,5264,0,73700,69224,0
49810,22788,building index: loading tuples,7168,5267,0,73741,69224,0
49872,22788,building index: loading tuples,7168,5269,0,73779,69224,0
49932,22788,building index: loading tuples,7168,5272,0,73821,69224,0
49992,22788,building index: loading tuples,7168,5275,0,73861,69224,0
50052,22788,building index: loading tuples,7168,5278,0,73903,69224,0
50114,22788,building index: loading tuples,7168,5281,0,73944,69224,0
50174,22788,building index: loading tuples,7168,5284,0,73986,69224,0
50235,22788,building index: loading tuples,7168,5287,0,74027,69224,0
50295,22788,building index: loading tuples,7168,5290,0,74067,69224,0
50355,22788,building index: loading tuples,7168,5293,0,74107,69224,0
50415,22788,building index: loading tuples,7168,5296,0,74146,69224,0
50475,22788,building index: loading tuples,7168,5298,0,74185,69224,0
50536,22788,building index: loading tuples,7168,5301,0,74225,69224,0
50596,22788,building index: loading tuples,7168,5304,0,74265,69224,0
50657,22788,building index: loading tuples,7168,5307,0,74304,69224,0
50716,22788,building index: loading tuples,7168,5310,0,74343,69224,0
50776,22788,building index: loading tuples,7168,5313,0,74384,69224,0
50835,22788,building index: loading tuples,7168,5316,0,74424,69224,0
50895,22788,building index: loading tuples,7168,5318,0,74464,69224,0
50955,22788,building index: loading tuples,7168,5321,0,74501,69224,0
51014,22788,building index: loading tuples,7168,5324,0,74541,69224,0
51075,22788,building index: loading tuples,7168,5327,0,74581,69224,0
51136,22788,building index: loading tuples,7168,5330,0,74623,69224,0
51197,22788,building index: loading tuples,7168,5333,0,74665,69224,0
51258,22788,building index: loading tuples,7168,5336,0,74705,69224,0
51319,22788,building index: loading tuples,7168,5338,0,74744,69224,0
51380,22788,building index: loading tuples,7168,5341,0,74785,69224,0
51441,22788,building index: loading tuples,7168,5344,0,74823,69224,0
51500,22788,building index: loading tuples,7168,5347,0,74864,69224,0
51560,22788,building index: loading tuples,7168,5350,0,74900,69224,0
51620,22788,building index: loading tuples,7168,5352,0,74941,69224,0
51680,22788,building index: loading tuples,7168,5355,0,74983,69224,0
51740,22788,building index: loading tuples,7168,5358,0,75022,69224,0
51801,22788,building index: loading tuples,7168,5361,0,75065,69224,0
51861,22788,building index: loading tuples,7168,5364,0,75106,69224,0
51921,22788,building index: loading tuples,7168,5367,0,75145,69224,0
51980,22788,building index: loading tuples,7168,5370,0,75185,69224,0
52041,22788,building index: loading tuples,7168,5373,0,75226,69224,0
52102,22788,building index: loading tuples,7168,5376,0,75266,69224,0
52162,22788,building index: loading tuples,7168,5379,0,75306,69224,0
52223,22788,building index: loading tuples,7168,5381,0,75347,69224,0
52283,22788,building index: loading tuples,7168,5384,0,75386,69224,0
52343,22788,building index: loading tuples,7168,5387,0,75427,69224,0
52402,22788,building index: loading tuples,7168,5390,0,75467,69224,0
52462,22788,building index: loading tuples,7168,5393,0,75506,69224,0
52520,22788,building index: loading tuples,7168,5396,0,75544,69224,0
52579,22788,building index: loading tuples,7168,5398,0,75584,69224,0
52639,22788,building index: loading tuples,7168,5401,0,75625,69224,0
52697,22788,building index: loading tuples,7168,5404,0,75663,69224,0
52757,22788,building index: loading tuples,7168,5407,0,75703,69224,0
52816,22788,building index: loading tuples,7168,5410,0,75744,69224,0
52875,22788,building index: loading tuples,7168,5413,0,75785,69224,0
52935,22788,building index: loading tuples,7168,5416,0,75825,69224,0
52994,22788,building index: loading tuples,7168,5418,0,75865,69224,0
53053,22788,building index: loading tuples,7168,5421,0,75907,69224,0
53113,22788,building index: loading tuples,7168,5424,0,75948,69224,0
53173,22788,building index: loading tuples,7168,5427,0,75990,69224,0
53232,22788,building index: loading tuples,7168,5430,0,76030,69224,0
53293,22788,building index: loading tuples,7168,5433,0,76071,69224,0
53352,22788,building index: loading tuples,7168,5436,0,76111,69224,0
53412,22788,building index: loading tuples,7168,5439,0,76149,69224,0
53471,22788,building index: loading tuples,7168,5442,0,76191,69224,0
53531,22788,building index: loading tuples,7168,5445,0,76231,69224,0
53590,22788,building index: loading tuples,7168,5448,0,76272,69224,0
53650,22788,building index: loading tuples,7168,5450,0,76313,69224,0
53709,22788,building index: loading tuples,7168,5453,0,76353,69224,0
53769,22788,building index: loading tuples,7168,5456,0,76391,69224,0
53828,22788,building index: loading tuples,7168,5459,0,76434,69224,0
53888,22788,building index: loading tuples,7168,5462,0,76475,69224,0
53947,22788,building index: loading tuples,7168,5465,0,76515,69224,0
54005,22788,building index: loading tuples,7168,5468,0,76555,69224,0
54064,22788,building index: loading tuples,7168,5470,0,76593,69224,0
54124,22788,building index: loading tuples,7168,5473,0,76634,69224,0
54184,22788,building index: loading tuples,7168,5476,0,76676,69224,0
54246,22788,building index: loading tuples,7168,5479,0,76717,69224,0
54306,22788,building index: loading tuples,7168,5482,0,76758,69224,0
54365,22788,building index: loading tuples,7168,5485,0,76801,69224,0
54424,22788,building index: loading tuples,7168,5488,0,76842,69224,0
54482,22788,building index: loading tuples,7168,5491,0,76882,69224,0
54541,22788,building index: loading tuples,7168,5494,0,76922,69224,0
54600,22788,building index: loading tuples,7168,5497,0,76963,69224,0
54659,22788,building index: loading tuples,7168,5500,0,77003,69224,0
54718,22788,building index: loading tuples,7168,5503,0,77043,69224,0
54777,22788,building index: loading tuples,7168,5506,0,77084,69224,0
54837,22788,building index: loading tuples,7168,5508,0,77124,69224,0
54897,22788,building index: loading tuples,7168,5511,0,77167,69224,0
54956,22788,building index: loading tuples,7168,5515,0,77211,69224,0
55015,22788,building index: loading tuples,7168,5517,0,77249,69224,0
55074,22788,building index: loading tuples,7168,5520,0,77292,69224,0
55134,22788,building index: loading tuples,7168,5523,0,77335,69224,0
55193,22788,building index: loading tuples,7168,5526,0,77375,69224,0
55253,22788,building index: loading tuples,7168,5529,0,77417,69224,0
55312,22788,building index: loading tuples,7168,5532,0,77458,69224,0
55371,22788,building index: loading tuples,7168,5535,0,77499,69224,0
55431,22788,building index: loading tuples,7168,5538,0,77541,69224,0
55490,22788,building index: loading tuples,7168,5541,0,77580,69224,0
55549,22788,building index: loading tuples,7168,5544,0,77623,69224,0
55608,22788,building index: loading tuples,7168,5547,0,77666,69224,0
55668,22788,building index: loading tuples,7168,5550,0,77708,69224,0
55727,22788,building index: loading tuples,7168,5553,0,77751,69224,0
55786,22788,building index: loading tuples,7168,5556,0,77789,69224,0
55846,22788,building index: loading tuples,7168,5559,0,77828,69224,0
55906,22788,building index: loading tuples,7168,5562,0,77868,69224,0
55965,22788,building index: loading tuples,7168,5564,0,77908,69224,0
56024,22788,building index: loading tuples,7168,5567,0,77947,69224,0
56083,22788,building index: loading tuples,7168,5570,0,77986,69224,0
56142,22788,building index: loading tuples,7168,5573,0,78026,69224,0
56201,22788,building index: loading tuples,7168,5576,0,78066,69224,0
56261,22788,building index: loading tuples,7168,5579,0,78108,69224,0
56320,22788,building index: loading tuples,7168,5582,0,78148,69224,0
56380,22788,building index: loading tuples,7168,5584,0,78187,69224,0
56440,22788,building index: loading tuples,7168,5587,0,78226,69224,0
56499,22788,building index: loading tuples,7168,5590,0,78263,69224,0
56558,22788,building index: loading tuples,7168,5593,0,78304,69224,0
56618,22788,building index: loading tuples,7168,5596,0,78345,69224,0
56679,22788,building index: loading tuples,7168,5598,0,78383,69224,0
56739,22788,building index: loading tuples,7168,5601,0,78418,69224,0
56798,22788,building index: loading tuples,7168,5603,0,78454,69224,0
56858,22788,building index: loading tuples,7168,5606,0,78496,69224,0
56918,22788,building index: loading tuples,7168,5609,0,78539,69224,0
56978,22788,building index: loading tuples,7168,5612,0,78581,69224,0
57038,22788,building index: loading tuples,7168,5615,0,78622,69224,0
57097,22788,building index: loading tuples,7168,5618,0,78661,69224,0
57156,22788,building index: loading tuples,7168,5621,0,78705,69224,0
57215,22788,building index: loading tuples,7168,5625,0,78750,69224,0
57274,22788,building index: loading tuples,7168,5627,0,78791,69224,0
57334,22788,building index: loading tuples,7168,5630,0,78831,69224,0
57392,22788,building index: loading tuples,7168,5633,0,78872,69224,0
57451,22788,building index: loading tuples,7168,5636,0,78914,69224,0
57511,22788,building index: loading tuples,7168,5639,0,78955,69224,0
57570,22788,building index: loading tuples,7168,5642,0,78996,69224,0
57629,22788,building index: loading tuples,7168,5645,0,79039,69224,0
57689,22788,building index: loading tuples,7168,5648,0,79080,69224,0
57749,22788,building index: loading tuples,7168,5651,0,79122,69224,0
57808,22788,building index: loading tuples,7168,5654,0,79163,69224,0
57868,22788,building index: loading tuples,7168,5657,0,79204,69224,0
57927,22788,building index: loading tuples,7168,5660,0,79247,69224,0
57986,22788,building index: loading tuples,7168,5663,0,79289,69224,0
58045,22788,building index: loading tuples,7168,5666,0,79333,69224,0
58106,22788,building index: loading tuples,7168,5669,0,79374,69224,0
58165,22788,building index: loading tuples,7168,5673,0,79423,69224,0
58224,22788,building index: loading tuples,7168,5676,0,79470,69224,0
58284,22788,building index: loading tuples,7168,5679,0,79515,69224,0
58343,22788,building index: loading tuples,7168,5683,0,79563,69224,0
58402,22788,building index: loading tuples,7168,5686,0,79610,69224,0
58462,22788,building index: loading tuples,7168,5689,0,79658,69224,0
58521,22788,building index: loading tuples,7168,5693,0,79704,69224,0
58580,22788,building index: loading tuples,7168,5696,0,79749,69224,0
58639,22788,building index: loading tuples,7168,5699,0,79794,69224,0
58698,22788,building index: loading tuples,7168,5702,0,79834,69224,0
58758,22788,building index: loading tuples,7168,5705,0,79875,69224,0
58817,22788,building index: loading tuples,7168,5708,0,79918,69224,0
58876,22788,building index: loading tuples,7168,5711,0,79958,69224,0
58935,22788,building index: loading tuples,7168,5714,0,80001,69224,0
58994,22788,building index: loading tuples,7168,5717,0,80045,69224,0
59053,22788,building index: loading tuples,7168,5720,0,80086,69224,0
59113,22788,building index: loading tuples,7168,5723,0,80128,69224,0
59175,22788,building index: loading tuples,7168,5726,0,80171,69224,0
59235,22788,building index: loading tuples,7168,5729,0,80216,69224,0
59298,22788,building index: loading tuples,7168,5732,0,80260,69224,0
59359,22788,building index: loading tuples,7168,5736,0,80305,69224,0
59418,22788,building index: loading tuples,7168,5739,0,80347,69224,0
59478,22788,building index: loading tuples,7168,5742,0,80389,69224,0
59537,22788,building index: loading tuples,7168,5745,0,80432,69224,0
59596,22788,building index: loading tuples,7168,5748,0,80474,69224,0
59655,22788,building index: loading tuples,7168,5751,0,80515,69224,0
59714,22788,building index: loading tuples,7168,5754,0,80558,69224,0
59773,22788,building index: loading tuples,7168,5757,0,80600,69224,0
59832,22788,building index: loading tuples,7168,5760,0,80641,69224,0
59891,22788,building index: loading tuples,7168,5762,0,80679,69224,0
59950,22788,building index: loading tuples,7168,5765,0,80720,69224,0
60009,22788,building index: loading tuples,7168,5768,0,80765,69224,0
60068,22788,building index: loading tuples,7168,5771,0,80806,69224,0
60128,22788,building index: loading tuples,7168,5774,0,80846,69224,0
60187,22788,building index: loading tuples,7168,5777,0,80888,69224,0
60246,22788,building index: loading tuples,7168,5780,0,80930,69224,0
60306,22788,building index: loading tuples,7168,5783,0,80972,69224,0
60366,22788,building index: loading tuples,7168,5786,0,81011,69224,0
60425,22788,building index: loading tuples,7168,5789,0,81055,69224,0
60485,22788,building index: loading tuples,7168,5792,0,81095,69224,0
60544,22788,building index: loading tuples,7168,5795,0,81134,69224,0
60602,22788,building index: loading tuples,7168,5798,0,81173,69224,0
60662,22788,building index: loading tuples,7168,5800,0,81212,69224,0
60721,22788,building index: loading tuples,7168,5803,0,81253,69224,0
60781,22788,building index: loading tuples,7168,5806,0,81294,69224,0
60840,22788,building index: loading tuples,7168,5809,0,81333,69224,0
60898,22788,building index: loading tuples,7168,5812,0,81372,69224,0
60956,22788,building index: loading tuples,7168,5815,0,81410,69224,0
61015,22788,building index: loading tuples,7168,5817,0,81449,69224,0
61074,22788,building index: loading tuples,7168,5820,0,81487,69224,0
61134,22788,building index: loading tuples,7168,5823,0,81527,69224,0
61193,22788,building index: loading tuples,7168,5826,0,81568,69224,0
61252,22788,building index: loading tuples,7168,5829,0,81608,69224,0
61311,22788,building index: loading tuples,7168,5832,0,81648,69224,0
61370,22788,building index: loading tuples,7168,5834,0,81689,69224,0
61429,22788,building index: loading tuples,7168,5838,0,81732,69224,0
61488,22788,building index: loading tuples,7168,5840,0,81772,69224,0
61548,22788,building index: loading tuples,7168,5843,0,81810,69224,0
61607,22788,building index: loading tuples,7168,5846,0,81848,69224,0
61668,22788,building index: loading tuples,7168,5848,0,81885,69224,0
61727,22788,building index: loading tuples,7168,5851,0,81926,69224,0
61787,22788,building index: loading tuples,7168,5855,0,81970,69224,0
61846,22788,building index: loading tuples,7168,5858,0,82014,69224,0
61906,22788,building index: loading tuples,7168,5861,0,82057,69224,0
61965,22788,building index: loading tuples,7168,5864,0,82098,69224,0
62025,22788,building index: loading tuples,7168,5867,0,82143,69224,0
62086,22788,building index: loading tuples,7168,5870,0,82185,69224,0
62145,22788,building index: loading tuples,7168,5873,0,82227,69224,0
62205,22788,building index: loading tuples,7168,5876,0,82271,69224,0
62265,22788,building index: loading tuples,7168,5879,0,82316,69224,0
62325,22788,building index: loading tuples,7168,5882,0,82357,69224,0
62384,22788,building index: loading tuples,7168,5885,0,82399,69224,0
62444,22788,building index: loading tuples,7168,5888,0,82442,69224,0
62502,22788,building index: loading tuples,7168,5891,0,82485,69224,0
62563,22788,building index: loading tuples,7168,5894,0,82527,69224,0
62621,22788,building index: loading tuples,7168,5898,0,82572,69224,0
62681,22788,building index: loading tuples,7168,5901,0,82616,69224,0
62740,22788,building index: loading tuples,7168,5904,0,82660,69224,0
62800,22788,building index: loading tuples,7168,5907,0,82701,69224,0
62859,22788,building index: loading tuples,7168,5910,0,82744,69224,0
62919,22788,building index: loading tuples,7168,5913,0,82786,69224,0
62978,22788,building index: loading tuples,7168,5916,0,82829,69224,0
63037,22788,building index: loading tuples,7168,5919,0,82871,69224,0
63097,22788,building index: loading tuples,7168,5922,0,82915,69224,0
63157,22788,building index: loading tuples,7168,5925,0,82957,69224,0
63217,22788,building index: loading tuples,7168,5928,0,82999,69224,0
63277,22788,building index: loading tuples,7168,5931,0,83042,69224,0
63337,22788,building index: loading tuples,7168,5934,0,83084,69224,0
63396,22788,building index: loading tuples,7168,5937,0,83130,69224,0
63456,22788,building index: loading tuples,7168,5940,0,83172,69224,0
63515,22788,building index: loading tuples,7168,5943,0,83215,69224,0
63575,22788,building index: loading tuples,7168,5946,0,83257,69224,0
63633,22788,building index: loading tuples,7168,5950,0,83301,69224,0
63693,22788,building index: loading tuples,7168,5952,0,83340,69224,0
63752,22788,building index: loading tuples,7168,5955,0,83382,69224,0
63812,22788,building index: loading tuples,7168,5958,0,83425,69224,0
63872,22788,building index: loading tuples,7168,5961,0,83466,69224,0
63932,22788,building index: loading tuples,7168,5964,0,83509,69224,0
63992,22788,building index: loading tuples,7168,5968,0,83552,69224,0
64051,22788,building index: loading tuples,7168,5970,0,83592,69224,0
64113,22788,building index: loading tuples,7168,5973,0,83635,69224,0
64174,22788,building index: loading tuples,7168,5976,0,83677,69224,0
64234,22788,building index: loading tuples,7168,5979,0,83718,69224,0
64294,22788,building index: loading tuples,7168,5983,0,83763,69224,0
64354,22788,building index: loading tuples,7168,5985,0,83803,69224,0
64414,22788,building index: loading tuples,7168,5989,0,83846,69224,0
64474,22788,building index: loading tuples,7168,5992,0,83889,69224,0
64536,22788,building index: loading tuples,7168,5995,0,83932,69224,0
64598,22788,building index: loading tuples,7168,5998,0,83976,69224,0
64659,22788,building index: loading tuples,7168,6001,0,84020,69224,0
64719,22788,building index: loading tuples,7168,6004,0,84060,69224,0
64778,22788,building index: loading tuples,7168,6007,0,84100,69224,0
64836,22788,building index: loading tuples,7168,6010,0,84142,69224,0
64896,22788,building index: loading tuples,7168,6013,0,84183,69224,0
64955,22788,building index: loading tuples,7168,6015,0,84222,69224,0
65014,22788,building index: loading tuples,7168,6018,0,84265,69224,0
65074,22788,building index: loading tuples,7168,6021,0,84306,69224,0
65133,22788,building index: loading tuples,7168,6024,0,84348,69224,0
65196,22788,building index: loading tuples,7168,6028,0,84392,69224,0
65257,22788,building index: loading tuples,7168,6031,0,84438,69224,0
65319,22788,building index: loading tuples,7168,6034,0,84484,69224,0
65381,22788,building index: loading tuples,7168,6038,0,84532,69224,0
65444,22788,building index: loading tuples,7168,6041,0,84576,69224,0
65506,22788,building index: loading tuples,7168,6044,0,84621,69224,0
65568,22788,building index: loading tuples,7168,6047,0,84666,69224,0
65629,22788,building index: loading tuples,7168,6051,0,84714,69224,0
65691,22788,building index: loading tuples,7168,6054,0,84757,69224,0
65753,22788,building index: loading tuples,7168,6057,0,84802,69224,0
65815,22788,building index: loading tuples,7168,6060,0,84848,69224,0
65877,22788,building index: loading tuples,7168,6063,0,84891,69224,0
65939,22788,building index: loading tuples,7168,6066,0,84936,69224,0
66000,22788,building index: loading tuples,7168,6069,0,84979,69224,0
66060,22788,building index: loading tuples,7168,6073,0,85024,69224,0
66121,22788,building index: loading tuples,7168,6076,0,85067,69224,0
66181,22788,building index: loading tuples,7168,6079,0,85112,69224,0
66242,22788,building index: loading tuples,7168,6082,0,85156,69224,0
66303,22788,building index: loading tuples,7168,6085,0,85201,69224,0
66365,22788,building index: loading tuples,7168,6088,0,85242,69224,0
66424,22788,building index: loading tuples,7168,6091,0,85285,69224,0
66485,22788,building index: loading tuples,7168,6094,0,85329,69224,0
66545,22788,building index: loading tuples,7168,6098,0,85373,69224,0
66603,22788,building index: loading tuples,7168,6101,0,85418,69224,0
66663,22788,building index: loading tuples,7168,6104,0,85463,69224,0
66724,22788,building index: loading tuples,7168,6107,0,85506,69224,0
66783,22788,building index: loading tuples,7168,6110,0,85550,69224,0
66843,22788,building index: loading tuples,7168,6114,0,85596,69224,0
66902,22788,building index: loading tuples,7168,6117,0,85639,69224,0
66962,22788,building index: loading tuples,7168,6120,0,85680,69224,0
67021,22788,building index: loading tuples,7168,6123,0,85722,69224,0
67081,22788,building index: loading tuples,7168,6126,0,85764,69224,0
67141,22788,building index: loading tuples,7168,6129,0,85808,69224,0
67200,22788,building index: loading tuples,7168,6132,0,85852,69224,0
67259,22788,building index: loading tuples,7168,6135,0,85893,69224,0
67319,22788,building index: loading tuples,7168,6138,0,85936,69224,0
67379,22788,building index: loading tuples,7168,6141,0,85979,69224,0
67438,22788,building index: loading tuples,7168,6144,0,86022,69224,0
67498,22788,building index: loading tuples,7168,6147,0,86066,69224,0
67559,22788,building index: loading tuples,7168,6150,0,86108,69224,0
67618,22788,building index: loading tuples,7168,6153,0,86151,69224,0
67678,22788,building index: loading tuples,7168,6156,0,86194,69224,0
67737,22788,building index: loading tuples,7168,6159,0,86236,69224,0
67797,22788,building index: loading tuples,7168,6162,0,86276,69224,0
67856,22788,building index: loading tuples,7168,6165,0,86317,69224,0
67915,22788,building index: loading tuples,7168,6168,0,86361,69224,0
67975,22788,building index: loading tuples,7168,6171,0,86403,69224,0
68035,22788,building index: loading tuples,7168,6174,0,86446,69224,0
68094,22788,building index: loading tuples,7168,6177,0,86487,69224,0
68153,22788,building index: loading tuples,7168,6180,0,86531,69224,0
68212,22788,building index: loading tuples,7168,6183,0,86572,69224,0
68271,22788,building index: loading tuples,7168,6186,0,86613,69224,0
68330,22788,building index: loading tuples,7168,6189,0,86655,69224,0
68389,22788,building index: loading tuples,7168,6192,0,86698,69224,0
68448,22788,building index: loading tuples,7168,6195,0,86740,69224,0
68507,22788,building index: loading tuples,7168,6198,0,86784,69224,0
68565,22788,building index: loading tuples,7168,6201,0,86824,69224,0
68624,22788,building index: loading tuples,7168,6204,0,86865,69224,0
68683,22788,building index: loading tuples,7168,6207,0,86907,69224,0
68742,22788,building index: loading tuples,7168,6210,0,86949,69224,0
68801,22788,building index: loading tuples,7168,6213,0,86992,69224,0
68860,22788,building index: loading tuples,7168,6216,0,87032,69224,0
68919,22788,building index: loading tuples,7168,6219,0,87076,69224,0
68978,22788,building index: loading tuples,7168,6222,0,87119,69224,0
69037,22788,building index: loading tuples,7168,6225,0,87160,69224,0
69096,22788,building index: loading tuples,7168,6228,0,87201,69224,0
69155,22788,building index: loading tuples,7168,6231,0,87242,69224,0
69216,22788,building index: loading tuples,7168,6234,0,87284,69224,0
69276,22788,building index: loading tuples,7168,6237,0,87323,69224,0
69336,22788,building index: loading tuples,7168,6240,0,87363,69224,0
69397,22788,building index: loading tuples,7168,6243,0,87403,69224,0
69457,22788,building index: loading tuples,7168,6245,0,87441,69224,0
69516,22788,building index: loading tuples,7168,6248,0,87481,69224,0
69575,22788,building index: loading tuples,7168,6251,0,87521,69224,0
69635,22788,building index: loading tuples,7168,6254,0,87562,69224,0
69694,22788,building index: loading tuples,7168,6257,0,87603,69224,0
69754,22788,building index: loading tuples,7168,6260,0,87646,69224,0
69813,22788,building index: loading tuples,7168,6263,0,87685,69224,0
69872,22788,building index: loading tuples,7168,6266,0,87727,69224,0
69931,22788,building index: loading tuples,7168,6269,0,87769,69224,0
69990,22788,building index: loading tuples,7168,6272,0,87809,69224,0
70049,22788,building index: loading tuples,7168,6274,0,87848,69224,0
70108,22788,building index: loading tuples,7168,6277,0,87888,69224,0
70167,22788,building index: loading tuples,7168,6280,0,87930,69224,0
70227,22788,building index: loading tuples,7168,6283,0,87971,69224,0
70286,22788,building index: loading tuples,7168,6286,0,88011,69224,0
70346,22788,building index: loading tuples,7168,6289,0,88053,69224,0
70406,22788,building index: loading tuples,7168,6292,0,88097,69224,0
70467,22788,building index: loading tuples,7168,6295,0,88141,69224,0
70528,22788,building index: loading tuples,7168,6298,0,88183,69224,0
70587,22788,building index: loading tuples,7168,6301,0,88225,69224,0
70646,22788,building index: loading tuples,7168,6305,0,88270,69224,0
70706,22788,building index: loading tuples,7168,6308,0,88312,69224,0
70767,22788,building index: loading tuples,7168,6310,0,88351,69224,0
70826,22788,building index: loading tuples,7168,6313,0,88392,69224,0
70887,22788,building index: loading tuples,7168,6316,0,88434,69224,0
70946,22788,building index: loading tuples,7168,6319,0,88474,69224,0
71006,22788,building index: loading tuples,7168,6322,0,88515,69224,0
71066,22788,building index: loading tuples,7168,6325,0,88553,69224,0
71126,22788,building index: loading tuples,7168,6328,0,88592,69224,0
71186,22788,building index: loading tuples,7168,6331,0,88634,69224,0
71245,22788,building index: loading tuples,7168,6334,0,88678,69224,0
71304,22788,building index: loading tuples,7168,6337,0,88720,69224,0
71363,22788,building index: loading tuples,7168,6340,0,88761,69224,0
71421,22788,building index: loading tuples,7168,6343,0,88804,69224,0
71480,22788,building index: loading tuples,7168,6346,0,88847,69224,0
71540,22788,building index: loading tuples,7168,6349,0,88889,69224,0
71600,22788,building index: loading tuples,7168,6352,0,88932,69224,0
71660,22788,building index: loading tuples,7168,6355,0,88974,69224,0
71719,22788,building index: loading tuples,7168,6358,0,89016,69224,0
71779,22788,building index: loading tuples,7168,6361,0,89057,69224,0
71838,22788,building index: loading tuples,7168,6364,0,89101,69224,0
71898,22788,building index: loading tuples,7168,6367,0,89144,69224,0
71958,22788,building index: loading tuples,7168,6370,0,89186,69224,0
72017,22788,building index: loading tuples,7168,6373,0,89228,69224,0
72076,22788,building index: loading tuples,7168,6376,0,89270,69224,0
72135,22788,building index: loading tuples,7168,6379,0,89313,69224,0
72194,22788,building index: loading tuples,7168,6382,0,89357,69224,0
72254,22788,building index: loading tuples,7168,6385,0,89399,69224,0
72313,22788,building index: loading tuples,7168,6388,0,89440,69224,0
72373,22788,building index: loading tuples,7168,6391,0,89482,69224,0
72432,22788,building index: loading tuples,7168,6394,0,89523,69224,0
72491,22788,building index: loading tuples,7168,6397,0,89565,69224,0
72550,22788,building index: loading tuples,7168,6400,0,89603,69224,0
72609,22788,building index: loading tuples,7168,6403,0,89648,69224,0
72668,22788,building index: loading tuples,7168,6406,0,89692,69224,0
72727,22788,building index: loading tuples,7168,6409,0,89736,69224,0
72786,22788,building index: loading tuples,7168,6412,0,89777,69224,0
72845,22788,building index: loading tuples,7168,6415,0,89819,69224,0
72904,22788,building index: loading tuples,7168,6418,0,89863,69224,0
72963,22788,building index: loading tuples,7168,6421,0,89904,69224,0
73021,22788,building index: loading tuples,7168,6424,0,89947,69224,0
73081,22788,building index: loading tuples,7168,6427,0,89987,69224,0
73140,22788,building index: loading tuples,7168,6430,0,90028,69224,0
73198,22788,building index: loading tuples,7168,6433,0,90069,69224,0
73257,22788,building index: loading tuples,7168,6436,0,90107,69224,0
73317,22788,building index: loading tuples,7168,6439,0,90149,69224,0
73377,22788,building index: loading tuples,7168,6442,0,90189,69224,0
73436,22788,building index: loading tuples,7168,6445,0,90232,69224,0
73495,22788,building index: loading tuples,7168,6447,0,90271,69224,0
73554,22788,building index: loading tuples,7168,6451,0,90314,69224,0
73613,22788,building index: loading tuples,7168,6453,0,90355,69224,0
73672,22788,building index: loading tuples,7168,6457,0,90398,69224,0
73732,22788,building index: loading tuples,7168,6459,0,90435,69224,0
73792,22788,building index: loading tuples,7168,6462,0,90476,69224,0
73851,22788,building index: loading tuples,7168,6465,0,90517,69224,0
73910,22788,building index: loading tuples,7168,6468,0,90561,69224,0
73970,22788,building index: loading tuples,7168,6471,0,90602,69224,0
74030,22788,building index: loading tuples,7168,6474,0,90645,69224,0
74089,22788,building index: loading tuples,7168,6477,0,90686,69224,0
74148,22788,building index: loading tuples,7168,6480,0,90730,69224,0
74207,22788,building index: loading tuples,7168,6483,0,90771,69224,0
74266,22788,building index: loading tuples,7168,6486,0,90811,69224,0
74325,22788,building index: loading tuples,7168,6489,0,90854,69224,0
74384,22788,building index: loading tuples,7168,6492,0,90896,69224,0
74444,22788,building index: loading tuples,7168,6495,0,90937,69224,0
74504,22788,building index: loading tuples,7168,6498,0,90981,69224,0
74564,22788,building index: loading tuples,7168,6501,0,91020,69224,0
74623,22788,building index: loading tuples,7168,6504,0,91062,69224,0
74682,22788,building index: loading tuples,7168,6507,0,91104,69224,0
74741,22788,building index: loading tuples,7168,6510,0,91146,69224,0
74800,22788,building index: loading tuples,7168,6513,0,91189,69224,0
74860,22788,building index: loading tuples,7168,6516,0,91230,69224,0
74920,22788,building index: loading tuples,7168,6519,0,91273,69224,0
74979,22788,building index: loading tuples,7168,6522,0,91318,69224,0
75039,22788,building index: loading tuples,7168,6525,0,91360,69224,0
75099,22788,building index: loading tuples,7168,6528,0,91401,69224,0
75158,22788,building index: loading tuples,7168,6531,0,91443,69224,0
75218,22788,building index: loading tuples,7168,6534,0,91486,69224,0
75277,22788,building index: loading tuples,7168,6537,0,91527,69224,0
75337,22788,building index: loading tuples,7168,6540,0,91569,69224,0
75396,22788,building index: loading tuples,7168,6543,0,91611,69224,0
75455,22788,building index: loading tuples,7168,6546,0,91654,69224,0
75515,22788,building index: loading tuples,7168,6549,0,91694,69224,0
75574,22788,building index: loading tuples,7168,6552,0,91736,69224,0
75633,22788,building index: loading tuples,7168,6555,0,91775,69224,0
75693,22788,building index: loading tuples,7168,6558,0,91816,69224,0
75752,22788,building index: loading tuples,7168,6561,0,91857,69224,0
75812,22788,building index: loading tuples,7168,6564,0,91899,69224,0
75871,22788,building index: loading tuples,7168,6567,0,91941,69224,0
75930,22788,building index: loading tuples,7168,6570,0,91984,69224,0
75989,22788,building index: loading tuples,7168,6573,0,92027,69224,0
76051,22788,building index: loading tuples,7168,6576,0,92069,69224,0
76110,22788,building index: loading tuples,7168,6579,0,92111,69224,0
76169,22788,building index: loading tuples,7168,6582,0,92153,69224,0
76229,22788,building index: loading tuples,7168,6585,0,92194,69224,0
76288,22788,building index: loading tuples,7168,6588,0,92235,69224,0
76348,22788,building index: loading tuples,7168,6591,0,92278,69224,0
76408,22788,building index: loading tuples,7168,6594,0,92320,69224,0
76467,22788,building index: loading tuples,7168,6597,0,92361,69224,0
76527,22788,building index: loading tuples,7168,6600,0,92402,69224,0
76586,22788,building index: loading tuples,7168,6603,0,92444,69224,0
76645,22788,building index: loading tuples,7168,6606,0,92485,69224,0
76706,22788,building index: loading tuples,7168,6608,0,92525,69224,0
76765,22788,building index: loading tuples,7168,6611,0,92566,69224,0
76825,22788,building index: loading tuples,7168,6614,0,92608,69224,0
76885,22788,building index: loading tuples,7168,6617,0,92651,69224,0
76944,22788,building index: loading tuples,7168,6620,0,92691,69224,0
77005,22788,building index: loading tuples,7168,6623,0,92733,69224,0
77065,22788,building index: loading tuples,7168,6626,0,92776,69224,0
77125,22788,building index: loading tuples,7168,6629,0,92818,69224,0
77185,22788,building index: loading tuples,7168,6632,0,92861,69224,0
77244,22788,building index: loading tuples,7168,6635,0,92903,69224,0
77305,22788,building index: loading tuples,7168,6638,0,92944,69224,0
77364,22788,building index: loading tuples,7168,6641,0,92985,69224,0
77424,22788,building index: loading tuples,7168,6644,0,93028,69224,0
77483,22788,building index: loading tuples,7168,6647,0,93070,69224,0
77543,22788,building index: loading tuples,7168,6650,0,93112,69224,0
77602,22788,building index: loading tuples,7168,6653,0,93152,69224,0
77662,22788,building index: loading tuples,7168,6656,0,93185,69224,0
77721,22788,building index: loading tuples,7168,6658,0,93224,69224,0
77781,22788,building index: loading tuples,7168,6661,0,93263,69224,0
77841,22788,building index: loading tuples,7168,6664,0,93305,69224,0
77902,22788,building index: loading tuples,7168,6667,0,93346,69224,0
77961,22788,building index: loading tuples,7168,6670,0,93387,69224,0
78021,22788,building index: loading tuples,7168,6673,0,93428,69224,0
78080,22788,building index: loading tuples,7168,6676,0,93469,69224,0
78141,22788,building index: loading tuples,7168,6679,0,93510,69224,0
78200,22788,building index: loading tuples,7168,6682,0,93551,69224,0
78260,22788,building index: loading tuples,7168,6685,0,93592,69224,0
78320,22788,building index: loading tuples,7168,6688,0,93633,69224,0
78379,22788,building index: loading tuples,7168,6691,0,93676,69224,0
78439,22788,building index: loading tuples,7168,6694,0,93718,69224,0
78499,22788,building index: loading tuples,7168,6697,0,93759,69224,0
78558,22788,building index: loading tuples,7168,6700,0,93801,69224,0
78618,22788,building index: loading tuples,7168,6703,0,93842,69224,0
78677,22788,building index: loading tuples,7168,6706,0,93887,69224,0
78737,22788,building index: loading tuples,7168,6709,0,93928,69224,0
78797,22788,building index: loading tuples,7168,6712,0,93968,69224,0
78857,22788,building index: loading tuples,7168,6714,0,94009,69224,0
78916,22788,building index: loading tuples,7168,6717,0,94051,69224,0
78976,22788,building index: loading tuples,7168,6720,0,94092,69224,0
79036,22788,building index: loading tuples,7168,6723,0,94132,69224,0
79095,22788,building index: loading tuples,7168,6726,0,94173,69224,0
79156,22788,building index: loading tuples,7168,6729,0,94214,69224,0
79216,22788,building index: loading tuples,7168,6732,0,94255,69224,0
79275,22788,building index: loading tuples,7168,6735,0,94295,69224,0
79335,22788,building index: loading tuples,7168,6738,0,94339,69224,0
79396,22788,building index: loading tuples,7168,6741,0,94387,69224,0
79456,22788,building index: loading tuples,7168,6745,0,94432,69224,0
79519,22788,building index: loading tuples,7168,6748,0,94475,69224,0
79580,22788,building index: loading tuples,7168,6751,0,94517,69224,0
79640,22788,building index: loading tuples,7168,6754,0,94562,69224,0
79700,22788,building index: loading tuples,7168,6757,0,94605,69224,0
79761,22788,building index: loading tuples,7168,6760,0,94644,69224,0
79821,22788,building index: loading tuples,7168,6763,0,94689,69224,0
79881,22788,building index: loading tuples,7168,6766,0,94732,69224,0
79942,22788,building index: loading tuples,7168,6769,0,94772,69224,0
80002,22788,building index: loading tuples,7168,6772,0,94815,69224,0
80062,22788,building index: loading tuples,7168,6775,0,94856,69224,0
80122,22788,building index: loading tuples,7168,6778,0,94898,69224,0
80183,22788,building index: loading tuples,7168,6781,0,94938,69224,0
80243,22788,building index: loading tuples,7168,6784,0,94982,69224,0
80304,22788,building index: loading tuples,7168,6787,0,95022,69224,0
80364,22788,building index: loading tuples,7168,6790,0,95062,69224,0
80424,22788,building index: loading tuples,7168,6793,0,95104,69224,0
80485,22788,building index: loading tuples,7168,6796,0,95145,69224,0
80547,22788,building index: loading tuples,7168,6799,0,95190,69224,0
80607,22788,building index: loading tuples,7168,6802,0,95233,69224,0
80668,22788,building index: loading tuples,7168,6805,0,95274,69224,0
80729,22788,building index: loading tuples,7168,6808,0,95315,69224,0
80790,22788,building index: loading tuples,7168,6811,0,95356,69224,0
80850,22788,building index: loading tuples,7168,6814,0,95398,69224,0
80911,22788,building index: loading tuples,7168,6817,0,95440,69224,0
80971,22788,building index: loading tuples,7168,6820,0,95482,69224,0
81033,22788,building index: loading tuples,7168,6823,0,95523,69224,0
81094,22788,building index: loading tuples,7168,6825,0,95563,69224,0
81155,22788,building index: loading tuples,7168,6828,0,95602,69224,0
81216,22788,building index: loading tuples,7168,6831,0,95642,69224,0
81277,22788,building index: loading tuples,7168,6834,0,95683,69224,0
81338,22788,building index: loading tuples,7168,6837,0,95725,69224,0
81400,22788,building index: loading tuples,7168,6840,0,95768,69224,0
81460,22788,building index: loading tuples,7168,6843,0,95809,69224,0
81521,22788,building index: loading tuples,7168,6846,0,95847,69224,0
81581,22788,building index: loading tuples,7168,6849,0,95891,69224,0
81643,22788,building index: loading tuples,7168,6852,0,95930,69224,0
81704,22788,building index: loading tuples,7168,6855,0,95971,69224,0
81765,22788,building index: loading tuples,7168,6858,0,96013,69224,0
81827,22788,building index: loading tuples,7168,6861,0,96054,69224,0
81888,22788,building index: loading tuples,7168,6864,0,96097,69224,0
81950,22788,building index: loading tuples,7168,6866,0,96136,69224,0
82012,22788,building index: loading tuples,7168,6869,0,96176,69224,0
82073,22788,building index: loading tuples,7168,6872,0,96215,69224,0
82134,22788,building index: loading tuples,7168,6875,0,96260,69224,0
82196,22788,building index: loading tuples,7168,6878,0,96299,69224,0
82256,22788,building index: loading tuples,7168,6881,0,96341,69224,0
82318,22788,building index: loading tuples,7168,6884,0,96381,69224,0
82379,22788,building index: loading tuples,7168,6887,0,96423,69224,0
82440,22788,building index: loading tuples,7168,6890,0,96464,69224,0
82501,22788,building index: loading tuples,7168,6893,0,96504,69224,0
82563,22788,building index: loading tuples,7168,6896,0,96544,69224,0
82623,22788,building index: loading tuples,7168,6898,0,96585,69224,0
82684,22788,building index: loading tuples,7168,6901,0,96625,69224,0
82746,22788,building index: loading tuples,7168,6904,0,96665,69224,0
82807,22788,building index: loading tuples,7168,6907,0,96707,69224,0
82868,22788,building index: loading tuples,7168,6910,0,96747,69224,0
82929,22788,building index: loading tuples,7168,6913,0,96786,69224,0
82990,22788,building index: loading tuples,7168,6916,0,96829,69224,0
83051,22788,building index: loading tuples,7168,6919,0,96871,69224,0
83113,22788,building index: loading tuples,7168,6922,0,96908,69224,0
83173,22788,building index: loading tuples,7168,6925,0,96952,69224,0
83235,22788,building index: loading tuples,7168,6927,0,96988,69224,0
83296,22788,building index: loading tuples,7168,6930,0,97028,69224,0
83356,22788,building index: loading tuples,7168,6933,0,97068,69224,0
83416,22788,building index: loading tuples,7168,6936,0,97107,69224,0
83476,22788,building index: loading tuples,7168,6939,0,97147,69224,0
83536,22788,building index: loading tuples,7168,6942,0,97188,69224,0
83596,22788,building index: loading tuples,7168,6945,0,97230,69224,0
83657,22788,building index: loading tuples,7168,6947,0,97271,69224,0
83716,22788,building index: loading tuples,7168,6950,0,97309,69224,0
83776,22788,building index: loading tuples,7168,6953,0,97346,69224,0
83836,22788,building index: loading tuples,7168,6956,0,97385,69224,0
83895,22788,building index: loading tuples,7168,6958,0,97422,69224,0
83955,22788,building index: loading tuples,7168,6961,0,97460,69224,0
84015,22788,building index: loading tuples,7168,6964,0,97497,69224,0
84076,22788,building index: loading tuples,7168,6966,0,97535,69224,0
84136,22788,building index: loading tuples,7168,6969,0,97575,69224,0
84195,22788,building index: loading tuples,7168,6972,0,97613,69224,0
84255,22788,building index: loading tuples,7168,6975,0,97653,69224,0
84315,22788,building index: loading tuples,7168,6977,0,97691,69224,0
84374,22788,building index: loading tuples,7168,6980,0,97729,69224,0
84434,22788,building index: loading tuples,7168,6983,0,97765,69224,0
84494,22788,building index: loading tuples,7168,6985,0,97801,69224,0
84555,22788,building index: loading tuples,7168,6988,0,97841,69224,0
84615,22788,building index: loading tuples,7168,6991,0,97881,69224,0
84675,22788,building index: loading tuples,7168,6994,0,97921,69224,0
84735,22788,building index: loading tuples,7168,6997,0,97962,69224,0
84796,22788,building index: loading tuples,7168,6999,0,97998,69224,0
84856,22788,building index: loading tuples,7168,7002,0,98038,69224,0
84916,22788,building index: loading tuples,7168,7005,0,98073,69224,0
84976,22788,building index: loading tuples,7168,7007,0,98109,69224,0
85038,22788,building index: loading tuples,7168,7010,0,98148,69224,0
85099,22788,building index: loading tuples,7168,7013,0,98187,69224,0
85162,22788,building index: loading tuples,7168,7016,0,98224,69224,0
85222,22788,building index: loading tuples,7168,7018,0,98262,69224,0
85283,22788,building index: loading tuples,7168,7021,0,98301,69224,0
85344,22788,building index: loading tuples,7168,7024,0,98341,69224,0
85405,22788,building index: loading tuples,7168,7027,0,98382,69224,0
85467,22788,building index: loading tuples,7168,7030,0,98421,69224,0
85527,22788,building index: loading tuples,7168,7032,0,98461,69224,0
85587,22788,building index: loading tuples,7168,7035,0,98500,69224,0
85647,22788,building index: loading tuples,7168,7038,0,98541,69224,0
85707,22788,building index: loading tuples,7168,7041,0,98582,69224,0
85767,22788,building index: loading tuples,7168,7044,0,98621,69224,0
85827,22788,building index: loading tuples,7168,7047,0,98660,69224,0
85887,22788,building index: loading tuples,7168,7050,0,98700,69224,0
85948,22788,building index: loading tuples,7168,7052,0,98738,69224,0
86007,22788,building index: loading tuples,7168,7055,0,98778,69224,0
86068,22788,building index: loading tuples,7168,7058,0,98816,69224,0
86128,22788,building index: loading tuples,7168,7061,0,98856,69224,0
86189,22788,building index: loading tuples,7168,7064,0,98900,69224,0
86249,22788,building index: loading tuples,7168,7067,0,98941,69224,0
86310,22788,building index: loading tuples,7168,7070,0,98982,69224,0
86370,22788,building index: loading tuples,7168,7072,0,99016,69224,0
86430,22788,building index: loading tuples,7168,7075,0,99059,69224,0
86490,22788,building index: loading tuples,7168,7078,0,99100,69224,0
86550,22788,building index: loading tuples,7168,7081,0,99141,69224,0
86609,22788,building index: loading tuples,7168,7084,0,99182,69224,0
86669,22788,building index: loading tuples,7168,7087,0,99222,69224,0
86728,22788,building index: loading tuples,7168,7090,0,99264,69224,0
86788,22788,building index: loading tuples,7168,7093,0,99307,69224,0
86848,22788,building index: loading tuples,7168,7096,0,99348,69224,0
86908,22788,building index: loading tuples,7168,7099,0,99391,69224,0
86967,22788,building index: loading tuples,7168,7102,0,99434,69224,0
87027,22788,building index: loading tuples,7168,7105,0,99472,69224,0
87089,22788,building index: loading tuples,7168,7108,0,99515,69224,0
87149,22788,building index: loading tuples,7168,7111,0,99558,69224,0
87209,22788,building index: loading tuples,7168,7114,0,99599,69224,0
87269,22788,building index: loading tuples,7168,7116,0,99636,69224,0
87329,22788,building index: loading tuples,7168,7119,0,99673,69224,0
87391,22788,building index: loading tuples,7168,7122,0,99713,69224,0
87451,22788,building index: loading tuples,7168,7125,0,99755,69224,0
87511,22788,building index: loading tuples,7168,7128,0,99792,69224,0
87572,22788,building index: loading tuples,7168,7130,0,99833,69224,0
87632,22788,building index: loading tuples,7168,7133,0,99871,69224,0
87693,22788,building index: loading tuples,7168,7136,0,99911,69224,0
87754,22788,building index: loading tuples,7168,7139,0,99949,69224,0
87814,22788,building index: loading tuples,7168,7142,0,99989,69224,0
87874,22788,building index: loading tuples,7168,7168,0,100000,69224,0
87936,22788,building index: loading tuples,7168,7168,0,100000,69224,0
